open,high,low,close,percent_change,turnover,date
9.92,9.92,9.92,9.92,0.81,1169600.0,2019-05-12
9.92,10.02,9.91,10.02,1.01,326230.0,2019-05-13
10.11,10.13,10.1,10.12,1.0,933407.0,2019-05-14
10.13,10.15,10.07,10.08,-0.4,2025380.0,2019-05-15
10.08,10.11,10.08,10.09,0.1,1322850.0,2019-05-16
10.09,10.12,10.07,10.12,0.0,1921820.0,2019-05-19
10.11,10.11,9.87,9.93,-1.88,1664870.0,2019-05-20
9.92,10.01,9.9,9.98,0.5,2614620.0,2019-05-21
9.98,9.98,9.76,9.78,-2.0,1125890.0,2019-05-22
9.77,9.82,9.77,9.8,0.2,824864.0,2019-05-23
9.8,9.82,9.77,9.78,-0.2,991917.0,2019-05-26
9.27,9.69,9.27,9.69,-0.92,1780660.0,2019-05-27
9.7,9.86,9.67,9.86,1.75,1071340.0,2019-05-28
9.85,9.9,9.82,9.9,-0.41,1462880.0,2019-05-29
9.9,10.05,9.9,9.97,0.71,3407150.0,2019-05-30
9.97,9.97,9.96,9.97,0.0,379114.0,2019-06-02
9.96,9.96,9.82,9.83,-1.4,1160210.0,2019-06-03
9.82,9.82,9.73,9.8,-0.31,1330830.0,2019-06-04
9.79,9.81,9.79,9.81,0.1,682552.0,2019-06-06
9.79,9.9,9.78,9.88,0.71,1239490.0,2019-06-10
9.88,9.92,9.88,9.88,0.0,371856.0,2019-06-11
9.9,9.9,9.73,9.73,-1.52,1083220.0,2019-06-12
9.73,9.74,9.73,9.73,0.0,206943.0,2019-06-13
9.71,9.71,9.69,9.69,-0.41,728894.0,2019-06-16
9.7,9.7,9.66,9.7,0.1,1252100.0,2019-06-17
9.69,9.71,9.61,9.62,-0.82,1489610.0,2019-06-18
9.63,9.63,9.59,9.59,-0.31,525326.0,2019-06-19
9.59,9.62,9.59,9.61,0.21,1083820.0,2019-06-20
9.62,9.69,9.62,9.64,0.31,479847.0,2019-06-23
9.64,9.64,9.6,9.61,-0.31,1133740.0,2019-06-24
9.61,9.61,9.59,9.6,-0.1,490906.0,2019-06-25
9.59,9.62,9.58,9.62,0.21,405248.0,2019-06-26
9.64,9.64,9.54,9.61,-0.1,776254.0,2019-06-27
9.6,9.61,9.55,9.58,-0.31,1033330.0,2019-06-30
9.58,9.58,9.51,9.51,-0.73,846900.0,2019-07-01
9.5,9.6,9.45,9.59,0.84,432264.0,2019-07-02
9.59,9.65,9.59,9.65,0.63,801122.0,2019-07-03
9.65,9.65,9.62,9.62,-0.31,72932800.0,2019-07-04
9.62,9.64,9.57,9.63,0.1,1248100.0,2019-07-07
9.63,9.68,9.61,9.68,0.52,4636810.0,2019-07-08
9.69,9.78,9.67,9.67,-0.1,476321.0,2019-07-09
9.67,9.67,9.56,9.56,-1.14,920010.0,2019-07-10
9.55,9.55,9.47,9.49,-0.73,1692250.0,2019-07-11
9.54,9.54,9.51,9.52,0.32,631768.0,2019-07-14
9.53,9.65,9.53,9.65,1.37,18716000.0,2019-07-15
9.68,10.13,9.68,10.13,4.97,9707520.0,2019-07-16
10.12,10.13,10.1,10.13,0.0,684038.0,2019-07-17
10.13,10.14,10.11,10.12,-0.1,756216.0,2019-07-18
10.12,10.12,10.09,10.09,-0.3,1980370.0,2019-07-21
9.99,10.0,9.9,9.9,-1.88,1571350.0,2019-07-22
9.91,9.97,9.88,9.91,0.1,3350360.0,2019-07-23
9.91,10.0,9.89,10.0,0.91,698411.0,2019-07-24
10.0,10.01,9.88,9.89,-1.1,4625990.0,2019-07-25
9.9,10.13,9.9,10.05,1.62,4876290.0,2019-07-28
10.05,10.09,10.0,10.05,0.0,2158620.0,2019-07-29
10.04,10.05,9.97,10.03,-0.2,1060680.0,2019-07-30
10.02,10.14,10.01,10.11,0.8,2573440.0,2019-07-31
10.12,10.14,10.07,10.08,-0.3,5332140.0,2019-08-01
10.08,10.1,9.98,9.98,-0.99,747116.0,2019-08-04
10.07,10.09,9.99,10.09,1.1,2558100.0,2019-08-05
10.09,10.1,10.0,10.0,-0.89,1754730.0,2019-08-06
10.0,10.01,9.96,9.96,-0.4,871677.0,2019-08-07
9.96,9.97,9.93,9.94,-0.2,1408860.0,2019-08-08
9.94,9.97,9.92,9.96,0.2,1171650.0,2019-08-11
9.96,10.02,9.93,10.0,0.4,7026490.0,2019-08-12
10.02,10.02,10.0,10.0,0.0,447346.0,2019-08-13
10.01,10.01,9.94,9.96,-0.4,1333160.0,2019-08-14
9.96,9.96,9.95,9.96,0.0,474706.0,2019-08-15
9.95,9.97,9.9,9.9,-0.6,309419.0,2019-08-18
9.89,9.92,9.81,9.91,0.1,804267.0,2019-08-19
9.92,9.95,9.92,9.95,0.4,1484720.0,2019-08-20
9.94,9.94,9.92,9.92,-0.3,2189730.0,2019-08-21
9.92,9.94,9.89,9.9,-0.2,1059020.0,2019-08-22
9.89,9.89,9.84,9.88,-0.2,2025470.0,2019-08-25
9.89,9.89,9.82,9.82,-0.61,709882.0,2019-08-26
9.81,9.88,9.81,9.82,0.0,721622.0,2019-08-27
9.83,9.83,9.78,9.79,-0.31,509975.0,2019-08-28
9.79,9.79,9.74,9.78,-0.1,692167.0,2019-08-29
9.78,9.78,9.68,9.7,-0.82,1380700.0,2019-09-01
9.69,9.69,9.63,9.63,-0.72,405162.0,2019-09-02
9.63,9.63,9.6,9.63,0.0,907410.0,2019-09-03
9.63,9.72,9.6,9.72,0.93,400645.0,2019-09-04
9.72,9.74,9.69,9.73,0.1,231477.0,2019-09-05
9.71,9.73,9.68,9.68,-0.51,486636.0,2019-09-08
9.67,9.67,9.54,9.56,-1.24,862033.0,2019-09-09
9.55,9.6,9.55,9.6,0.42,1625340.0,2019-09-10
9.6,9.67,9.58,9.62,0.21,1915930.0,2019-09-11
9.62,9.62,9.52,9.55,-0.73,507815.0,2019-09-12
9.54,9.54,9.43,9.46,-0.94,860253.0,2019-09-15
9.39,9.39,9.34,9.39,-0.74,646040.0,2019-09-16
9.38,9.4,9.36,9.39,0.0,574089.0,2019-09-17
9.38,9.4,9.38,9.38,-0.11,992709.0,2019-09-18
9.4,9.42,9.4,9.42,0.43,42605.3,2019-09-19
9.42,9.42,9.39,9.39,-0.32,429775.0,2019-09-22
9.38,9.38,9.33,9.33,-0.64,800029.0,2019-09-23
9.33,9.38,9.31,9.37,0.43,585434.0,2019-09-24
9.28,9.28,9.27,9.27,-1.07,1114610.0,2019-09-25
9.26,9.36,9.25,9.36,0.97,439691.0,2019-09-26
9.34,9.35,9.34,9.34,-0.21,109214.0,2019-09-29
9.34,9.35,9.34,9.34,0.0,50373.0,2019-09-30
9.34,9.34,9.33,9.33,-0.11,920432.0,2019-10-01
9.29,9.38,9.28,9.38,0.54,143269.0,2019-10-02
9.38,9.39,9.38,9.39,0.11,61998.4,2019-10-03
9.39,9.39,9.39,9.39,0.0,14042.0,2019-10-10
9.39,9.4,9.38,9.4,0.11,124080.0,2019-10-14
9.4,9.41,9.4,9.4,0.0,148334.0,2019-10-15
9.39,9.42,9.36,9.41,0.11,707624.0,2019-10-16
9.41,9.51,9.41,9.51,1.06,2508190.0,2019-10-17
9.11,9.22,9.11,9.2,-3.26,247253.0,2019-10-20
9.21,9.23,9.2,9.23,0.33,88238.0,2019-10-21
9.24,9.26,9.21,9.21,-0.22,583791.0,2019-10-22
9.21,9.31,9.2,9.31,1.09,301805.0,2019-10-23
9.33,9.34,9.33,9.34,0.32,280756.0,2019-10-24
9.35,9.36,9.09,9.1,-2.57,581932.0,2019-10-31
9.11,9.12,9.08,9.11,0.11,685444.0,2019-11-03
9.12,9.24,9.11,9.17,0.66,970499.0,2019-11-04
9.18,9.34,9.18,9.34,1.85,904625.0,2019-11-05
9.34,9.37,9.34,9.36,0.21,327714.0,2019-11-06
9.37,9.4,9.35,9.4,0.43,270348.0,2019-11-07
9.41,9.43,9.29,9.29,-1.17,354029.0,2019-11-10
9.29,9.31,9.21,9.3,0.11,331553.0,2019-11-11
9.3,9.3,9.26,9.27,-0.32,301806.0,2019-11-12
9.28,9.3,9.15,9.16,-1.19,409428.0,2019-11-13
9.16,9.39,9.16,9.31,1.64,809134.0,2019-11-14
9.3,9.31,9.22,9.24,-0.75,121816.0,2019-11-17
9.24,9.24,9.2,9.2,-0.43,66370.8,2019-11-18
9.19,9.25,9.19,9.22,0.22,714017.0,2019-11-19
9.23,9.24,9.15,9.17,-0.54,677806.0,2019-11-20
9.17,9.24,9.16,9.18,0.11,264153.0,2019-11-21
9.17,9.17,9.08,9.08,-1.09,334121.0,2019-11-24
9.07,9.08,8.99,9.03,-0.55,661604.0,2019-11-25
9.03,9.03,9.0,9.0,-0.33,231504.0,2019-11-26
9.06,9.25,9.06,9.25,2.44,716722.0,2019-11-27
9.24,9.24,9.11,9.11,-1.51,4800550.0,2019-11-28
9.11,9.11,9.03,9.03,-0.88,426489.0,2019-12-01
8.95,9.1,8.95,8.95,-0.89,444197.0,2019-12-02
9.03,9.05,8.96,9.03,0.89,147407.0,2019-12-03
9.03,9.13,9.03,9.12,1.0,728743.0,2019-12-04
9.13,9.23,9.13,9.23,1.21,375866.0,2019-12-05
9.24,9.34,9.17,9.22,-0.11,586185.0,2019-12-08
9.23,9.26,9.16,9.22,0.0,1073950.0,2019-12-09
9.24,9.25,9.22,9.23,0.11,216842.0,2019-12-10
9.22,9.25,9.21,9.25,0.22,438106.0,2019-12-11
9.23,9.34,9.23,9.33,0.86,221539.0,2019-12-12
9.33,9.33,9.28,9.28,-0.54,446723.0,2019-12-15
9.28,9.29,9.23,9.25,-0.32,505918.0,2019-12-16
9.26,9.28,9.26,9.27,0.22,429242.0,2019-12-17
9.28,9.28,9.24,9.26,-0.11,400086.0,2019-12-18
9.26,9.32,9.25,9.31,0.54,537939.0,2019-12-19
9.3,9.37,9.28,9.36,0.54,695805.0,2019-12-22
9.37,9.37,9.28,9.28,-0.85,274169.0,2019-12-23
9.28,9.31,9.28,9.28,0.0,658767.0,2019-12-24
9.28,9.32,9.27,9.29,0.11,306326.0,2019-12-25
9.29,9.29,9.25,9.26,-0.32,400830.0,2019-12-26
9.26,9.26,9.08,9.09,-1.84,1366980.0,2019-12-29
9.09,9.22,9.09,9.22,1.43,919012.0,2019-12-30
9.21,9.25,9.18,9.2,-0.22,684051.0,2019-12-31
9.2,9.3,9.2,9.3,1.09,721829.0,2020-01-01
9.3,9.3,9.27,9.28,-0.22,379183.0,2020-01-02
9.28,9.39,9.26,9.3,0.22,431441.0,2020-01-05
9.3,9.45,9.26,9.45,1.61,944429.0,2020-01-06
9.45,9.53,9.35,9.46,0.11,1222970.0,2020-01-07
9.47,9.55,9.45,9.55,0.95,1202580.0,2020-01-08
9.55,9.55,9.45,9.48,-0.73,1235310.0,2020-01-09
9.47,9.72,9.47,9.72,2.53,1514420.0,2020-01-12
9.72,9.77,9.67,9.75,0.31,2638960.0,2020-01-13
9.74,9.76,9.68,9.68,-0.72,2200150.0,2020-01-14
9.68,9.75,9.68,9.74,0.62,2342060.0,2020-01-15
9.75,10.05,9.75,10.05,3.18,3009990.0,2020-01-16
10.08,10.6,10.08,10.6,5.47,4224790.0,2020-01-19
10.64,10.66,10.42,10.42,-1.7,4840110.0,2020-01-20
10.42,10.42,10.16,10.27,-1.44,3672230.0,2020-01-21
10.27,10.31,10.18,10.21,-0.58,3009720.0,2020-01-22
10.21,10.23,10.16,10.19,-0.2,4781600.0,2020-01-23
10.21,10.22,10.12,10.13,-0.59,1367070.0,2020-01-26
10.14,10.22,10.14,10.16,0.3,819352.0,2020-01-27
10.17,10.26,10.16,10.26,0.98,3592120.0,2020-01-28
10.27,10.27,10.11,10.12,-1.36,472682.0,2020-01-29
10.11,10.2,10.1,10.15,0.3,2063840.0,2020-01-30
10.17,10.23,10.15,10.23,0.3,1786890.0,2020-02-02
10.23,10.29,10.2,10.29,0.59,1047260.0,2020-02-03
10.29,10.29,10.15,10.15,-1.36,1719790.0,2020-02-04
10.14,10.14,10.0,10.01,-1.38,904808.0,2020-02-05
10.02,10.03,9.98,9.99,-0.2,953219.0,2020-02-06
9.99,9.99,9.93,9.93,-0.6,669865.0,2020-02-09
9.93,9.93,9.81,9.93,0.0,745365.0,2020-02-10
9.84,10.13,9.82,10.09,1.61,976221.0,2020-02-11
10.02,10.14,10.02,10.12,0.3,5973410.0,2020-02-12
10.11,10.15,10.03,10.07,-0.49,1141660.0,2020-02-13
10.07,10.07,9.89,10.01,-0.6,1652060.0,2020-02-16
10.02,10.23,10.0,10.11,1.0,3121700.0,2020-02-17
10.21,10.3,10.09,10.3,1.84,2444330.0,2020-02-18
10.3,10.3,10.2,10.3,0.0,2164340.0,2020-02-19
10.31,10.32,10.17,10.26,-0.39,3083310.0,2020-02-20
10.27,10.54,10.27,10.54,2.73,3489280.0,2020-02-23
10.54,10.64,10.5,10.5,-0.38,3365490.0,2020-02-24
10.49,10.66,10.47,10.59,0.86,2955000.0,2020-02-25
10.59,11.07,10.59,10.93,3.21,8288030.0,2020-02-26
10.93,10.93,10.7,10.76,-1.83,9729890.0,2020-02-27
10.76,10.83,10.56,10.56,-1.86,11490100.0,2020-03-01
10.55,10.55,10.38,10.38,-1.7,1708230.0,2020-03-02
10.37,10.68,10.35,10.64,2.5,1869060.0,2020-03-03
10.65,10.65,10.52,10.52,-1.13,2214820.0,2020-03-04
10.42,10.42,10.39,10.39,-1.24,2430680.0,2020-03-05
10.38,10.39,10.35,10.35,-0.38,620999.0,2020-03-10
10.35,10.39,10.17,10.28,-0.68,2819590.0,2020-03-11
10.28,10.28,10.09,10.09,-1.85,1593860.0,2020-03-12
10.07,10.07,9.68,9.78,-3.07,1554730.0,2020-03-15
9.77,9.77,9.65,9.67,-1.12,1369480.0,2020-03-16
9.67,9.87,9.67,9.71,0.41,2260260.0,2020-03-17
9.71,9.71,9.57,9.68,-0.31,582081.0,2020-03-18
9.67,9.69,9.55,9.69,0.1,1093770.0,2020-03-19
9.68,9.68,9.68,9.68,-0.1,3925.0,2020-05-12
9.67,9.67,9.63,9.63,-0.52,37009.0,2020-06-29
9.62,9.62,9.59,9.59,-0.42,49796.0,2020-06-30
9.68,9.68,9.6,9.6,0.1,21681.6,2020-07-01
9.61,9.61,9.61,9.61,0.1,9655.0,2020-07-02
9.52,9.52,9.41,9.44,-1.77,1260240.0,2020-07-05
9.42,9.42,9.22,9.37,-0.74,968295.0,2020-07-06
9.36,9.53,9.33,9.54,1.81,615007.0,2020-07-07
9.53,9.64,9.46,9.64,1.05,1714850.0,2020-07-08
9.73,9.93,9.73,9.92,2.9,2218030.0,2020-07-09
9.92,9.96,9.86,9.91,-0.1,2298950.0,2020-07-12
9.91,10.24,9.88,10.11,2.02,6627380.0,2020-07-13
10.12,10.33,10.12,10.24,1.29,2758800.0,2020-07-14
10.26,10.54,10.21,10.45,2.05,3014110.0,2020-07-15
10.55,10.56,10.4,10.48,0.29,2085590.0,2020-07-16
10.47,10.47,10.47,10.47,-0.1,120000.0,2020-07-19
10.48,10.55,10.47,10.49,0.19,2159260.0,2020-07-20
10.53,10.56,10.5,10.55,0.57,4064380.0,2020-07-21
10.54,10.62,10.44,10.62,0.66,2257440.0,2020-07-22
10.63,10.63,10.43,10.59,-0.33,3475950.0,2020-07-23
10.59,10.6,10.54,10.57,-0.1,5873300.0,2020-07-26
10.57,10.63,10.52,10.56,-0.09,3885720.0,2020-07-27
10.56,10.7,10.54,10.7,1.3,3272470.0,2020-07-28
10.7,10.71,10.56,10.54,-1.51,3076570.0,2020-07-29
10.54,10.63,10.53,10.61,0.66,3655820.0,2020-07-30
10.6,10.6,10.47,10.54,-0.64,4244120.0,2020-08-02
10.53,10.54,10.38,10.48,-0.56,2241680.0,2020-08-03
10.49,10.54,10.42,10.4,-0.84,1625510.0,2020-08-06
10.4,10.71,10.4,10.61,2.02,8379840.0,2020-08-09
10.63,10.66,10.52,10.58,-0.29,6844100.0,2020-08-10
10.59,10.63,10.57,10.6,0.21,6258890.0,2020-08-11
10.6,10.7,10.6,10.7,0.88,7663960.0,2020-08-12
10.69,10.72,10.63,10.68,-0.16,8714470.0,2020-08-13
10.68,10.68,10.59,10.62,-0.53,9699230.0,2020-08-16
10.62,10.63,10.54,10.63,0.04,5837680.0,2020-08-17
10.63,10.63,10.59,10.59,-0.31,9215540.0,2020-08-18
10.59,10.6,10.56,10.59,-0.01,1952120.0,2020-08-19
10.56,10.61,10.55,10.58,-0.09,2022030.0,2020-08-20
10.59,10.59,10.52,10.55,-0.31,1514180.0,2020-08-23
10.54,10.6,10.52,10.58,0.29,3694060.0,2020-08-24
10.57,10.61,10.54,10.57,-0.12,2500880.0,2020-08-25
10.57,10.73,10.55,10.73,1.52,3771040.0,2020-08-26
10.74,10.74,10.65,10.66,-0.67,5016230.0,2020-08-27
10.67,10.68,10.6,10.63,-0.31,1017010.0,2020-08-30
10.63,10.82,10.62,10.7,0.74,5921130.0,2020-08-31
10.72,10.81,10.7,10.78,0.7,8305750.0,2020-09-02
10.78,10.84,10.74,10.84,0.53,31656200.0,2020-09-03
10.84,10.9,10.81,10.84,0.05,4558970.0,2020-09-06
10.84,10.86,10.78,10.79,-0.47,6153730.0,2020-09-07
10.78,10.8,10.69,10.8,0.13,3912860.0,2020-09-08
10.78,10.86,10.77,10.83,0.21,8916370.0,2020-09-09
10.82,10.84,10.78,10.81,-0.17,2957290.0,2020-09-10
10.83,10.87,10.69,10.73,-0.74,2459870.0,2020-09-13
10.73,10.77,10.71,10.77,0.36,3347910.0,2020-09-14
10.77,10.82,10.77,10.81,0.38,10093800.0,2020-09-15
10.78,10.86,10.75,10.86,0.6,9637870.0,2020-09-16
10.84,10.98,10.8,10.97,1.03,14358400.0,2020-09-17
10.97,10.97,10.81,10.87,-0.95,3674560.0,2020-09-20
10.87,10.87,10.75,10.76,-1.03,8827370.0,2020-09-21
10.78,10.79,10.67,10.68,-0.74,7455170.0,2020-09-22
10.69,10.74,10.66,10.7,0.24,5531750.0,2020-09-23
10.7,10.7,10.64,10.69,-0.08,8195280.0,2020-09-24
10.69,10.72,10.64,10.72,0.26,10393700.0,2020-09-27
10.72,10.77,10.64,10.67,-0.48,8605940.0,2020-09-28
10.67,10.71,10.66,10.69,0.21,2166380.0,2020-09-29
10.7,10.82,10.67,10.82,1.19,4435920.0,2020-09-30
10.81,10.85,10.74,10.81,-0.08,4289620.0,2020-10-01
10.81,10.81,10.44,10.46,-3.21,7150760.0,2020-10-04
10.44,10.6,10.44,10.55,0.82,6450320.0,2020-10-05
10.54,10.54,10.43,10.53,-0.17,3577640.0,2020-10-06
10.53,10.58,10.47,10.58,0.49,4015360.0,2020-10-07
10.58,10.61,10.5,10.6,0.14,4802390.0,2020-10-08
10.59,10.61,10.5,10.5,-0.93,6338440.0,2020-10-11
10.48,10.51,10.38,10.47,-0.25,2274080.0,2020-10-12
10.47,10.56,10.45,10.52,0.45,3446440.0,2020-10-13
10.52,10.52,10.41,10.45,-0.66,3213620.0,2020-10-14
10.45,10.52,10.42,10.46,0.7,5026100.0,2020-10-15
10.46,10.5,10.42,10.42,-0.34,2564930.0,2020-10-18
10.41,10.51,10.39,10.46,0.37,1238560.0,2020-10-19
10.47,10.57,10.47,10.57,1.03,3217860.0,2020-10-20
10.61,10.67,10.51,10.67,0.91,3007660.0,2020-10-21
10.59,10.64,10.58,10.61,-0.56,2180820.0,2020-10-22
10.59,10.75,10.57,10.73,1.2,6856310.0,2020-10-28
10.72,10.72,10.63,10.63,-0.93,6493430.0,2020-10-29
10.62,10.63,10.57,10.63,-0.05,4516320.0,2020-11-01
10.63,10.67,10.62,10.64,0.12,2339660.0,2020-11-02
10.65,10.98,10.65,10.91,2.49,18951100.0,2020-11-03
10.82,10.91,10.8,10.91,0.0,4915900.0,2020-11-04
10.93,10.95,10.88,10.89,-0.18,6301520.0,2020-11-05
10.91,11.07,10.91,11.05,1.41,9947470.0,2020-11-08
11.04,11.04,10.95,11.0,-0.41,10851200.0,2020-11-09
11.01,11.01,10.89,10.98,-0.17,3700890.0,2020-11-10
10.97,11.53,10.97,11.53,4.98,45940800.0,2020-11-11
11.53,11.57,11.46,11.55,0.13,36914300.0,2020-11-12
11.57,11.75,11.56,11.7,1.35,21902400.0,2020-11-18
11.7,11.79,11.69,11.78,0.63,18494000.0,2020-11-19
11.78,11.78,11.48,11.51,-2.28,25858900.0,2020-11-22
11.51,11.51,11.32,11.34,-1.47,20677800.0,2020-11-23
11.34,11.47,11.27,11.44,0.92,12071000.0,2020-11-24
11.43,11.6,11.4,11.6,1.35,48215600.0,2020-11-25
11.58,11.68,11.44,11.67,0.62,19086100.0,2020-11-26
11.68,11.79,11.58,11.72,0.41,56028000.0,2020-11-29
11.73,11.75,11.51,11.6,-1.1,60912800.0,2020-11-30
11.6,11.6,11.37,11.42,-1.55,44398600.0,2020-12-01
11.42,11.49,11.4,11.46,0.39,26343500.0,2020-12-02
11.46,11.51,11.38,11.41,-0.42,28295700.0,2020-12-03
11.41,11.41,11.21,11.21,-1.78,42036800.0,2020-12-06
11.21,11.29,11.12,11.29,0.72,7691920.0,2020-12-07
11.28,11.39,11.19,11.38,0.76,15647200.0,2020-12-08
11.37,11.37,11.22,11.22,-1.35,11513200.0,2020-12-09
11.22,11.26,11.12,11.23,0.09,10634200.0,2020-12-10
11.23,11.37,11.23,11.35,1.01,8640510.0,2020-12-13
11.35,11.51,11.27,11.5,1.35,21582600.0,2020-12-14
11.5,11.5,11.37,11.43,-0.62,5174510.0,2020-12-15
11.42,11.43,11.36,11.43,0.01,19579700.0,2020-12-16
11.43,11.43,11.28,11.37,-0.57,34469100.0,2020-12-17
11.38,11.38,11.25,11.25,-0.99,8587590.0,2020-12-20
11.25,11.25,11.13,11.23,-0.19,16775300.0,2020-12-21
11.22,11.34,11.2,11.31,0.72,8280660.0,2020-12-22
11.31,11.39,11.29,11.38,0.62,13583700.0,2020-12-23
11.39,11.4,11.29,11.36,-0.21,9604700.0,2020-12-24
11.35,11.38,11.25,11.31,-0.4,12529900.0,2020-12-27
11.3,11.34,11.25,11.34,0.25,11729400.0,2020-12-28
11.33,11.43,11.3,11.33,-0.13,9141390.0,2020-12-29
11.31,11.52,11.3,11.51,1.63,24472900.0,2020-12-30
11.51,11.61,11.42,11.51,0.01,20727900.0,2020-12-31
11.51,11.56,11.48,11.54,0.21,23954300.0,2021-01-03
11.53,11.58,11.5,11.54,0.0,12357200.0,2021-01-04
11.54,11.56,11.44,11.51,-0.28,29587400.0,2021-01-05
11.5,11.62,11.5,11.6,0.8,18758500.0,2021-01-06
11.59,11.65,11.56,11.61,0.11,13407100.0,2021-01-07
11.6,11.69,11.52,11.69,0.66,16744000.0,2021-01-10
11.68,11.81,11.64,11.73,0.39,20603400.0,2021-01-11
11.72,11.83,11.66,11.83,0.87,29419800.0,2021-01-12
11.84,11.93,11.84,11.9,0.58,21700800.0,2021-01-13
11.9,12.02,11.85,11.98,0.68,19370700.0,2021-01-17
12.01,12.24,12.01,12.24,2.12,33067100.0,2021-01-18
12.23,12.27,12.15,12.21,-0.23,25728100.0,2021-01-19
12.2,12.23,12.07,12.23,0.13,49751900.0,2021-01-20
12.23,12.23,12.08,12.17,-0.43,21394000.0,2021-01-21
12.21,12.23,12.1,12.22,0.38,33146900.0,2021-01-24
12.22,12.27,12.13,12.27,0.42,32297300.0,2021-01-25
12.3,12.31,12.18,12.24,-0.21,67792600.0,2021-01-26
12.38,12.42,12.17,12.28,0.27,20044100.0,2021-01-27
12.28,12.29,12.05,12.06,-1.79,53102600.0,2021-01-28
12.07,12.07,11.99,12.01,-0.47,24406300.0,2021-01-31
12.0,12.02,11.89,12.0,-0.01,14285900.0,2021-02-01
12.0,12.1,11.96,12.03,0.23,21335700.0,2021-02-02
12.03,12.18,12.0,12.08,0.38,44558200.0,2021-02-03
12.07,12.07,11.94,12.07,-0.1,60074500.0,2021-02-04
12.05,12.09,11.97,12.03,-0.31,14932200.0,2021-02-07
12.03,12.16,11.94,12.15,0.99,25154900.0,2021-02-08
12.11,12.16,12.1,12.13,-0.14,30243000.0,2021-02-09
12.13,12.13,12.02,12.09,-0.23,9684880.0,2021-02-10
12.09,12.17,12.02,12.12,0.22,9336930.0,2021-02-11
12.15,12.34,12.13,12.25,1.09,36844200.0,2021-02-14
12.26,12.47,12.16,12.43,1.45,81783300.0,2021-02-15
12.41,12.54,12.38,12.54,0.88,13354800.0,2021-02-16
12.55,12.62,12.45,12.61,0.57,21896400.0,2021-02-17
12.63,12.79,12.58,12.75,1.12,28356200.0,2021-02-18
12.73,13.57,12.73,13.57,6.4,66606200.0,2021-02-21
13.57,13.85,13.48,13.54,-0.23,62122400.0,2021-02-22
13.53,13.59,13.25,13.38,-1.19,31613400.0,2021-02-23
13.37,13.63,13.31,13.52,1.09,50192000.0,2021-02-24
13.54,13.74,13.46,13.49,-0.26,47286000.0,2021-02-25
13.49,13.49,13.25,13.25,-1.77,33458600.0,2021-02-28
13.24,13.3,13.1,13.28,0.23,20568400.0,2021-03-01
13.36,13.38,13.02,13.07,-1.57,30219800.0,2021-03-02
13.08,13.14,12.87,12.94,-1.0,12621600.0,2021-03-03
12.95,13.02,12.92,12.97,0.19,81281100.0,2021-03-04
12.96,13.0,12.88,12.95,-0.16,34238200.0,2021-03-07
12.94,12.98,12.88,12.96,0.07,57412100.0,2021-03-09
12.97,12.97,12.88,12.93,-0.24,8860390.0,2021-03-10
12.91,12.92,12.73,12.73,-1.51,13023600.0,2021-03-14
12.72,12.86,12.7,12.74,0.02,20594900.0,2021-03-15
12.75,12.83,12.71,12.73,-0.06,24142000.0,2021-03-16
12.73,12.83,12.69,12.83,0.78,19640800.0,2021-03-17
12.83,12.95,12.82,12.89,0.46,20464700.0,2021-03-18
12.87,13.05,12.81,13.05,1.23,31307600.0,2021-03-21
13.02,13.07,12.83,13.0,-0.38,28550900.0,2021-03-22
12.99,13.02,12.89,13.02,0.18,14513400.0,2021-03-23
13.01,13.27,12.98,13.27,1.9,57808400.0,2021-03-24
13.26,13.26,13.05,13.17,-0.76,20138600.0,2021-03-25
13.17,13.26,13.07,13.11,-0.44,27281900.0,2021-03-29
13.1,13.29,13.09,13.29,1.35,35194200.0,2021-03-30
13.35,13.41,13.26,13.4,0.89,17306100.0,2021-03-31
13.4,13.4,13.26,13.37,-0.25,18741100.0,2021-04-01
13.36,13.39,13.25,13.26,-0.86,38054900.0,2021-04-04
13.26,13.32,13.14,13.31,0.39,68462700.0,2021-04-05
13.3,13.52,13.28,13.33,0.13,27452100.0,2021-04-06
13.3,13.43,13.22,13.37,0.33,31904200.0,2021-04-07
13.38,13.39,13.3,13.39,0.13,19036300.0,2021-04-08
13.33,13.44,13.31,13.41,0.17,15662500.0,2021-04-12
13.4,13.47,13.33,13.47,0.43,16073300.0,2021-04-13
13.47,13.52,13.34,13.52,0.4,24622400.0,2021-04-15
13.52,13.62,13.47,13.58,0.46,38849200.0,2021-04-18
13.57,13.59,13.48,13.5,-0.65,29586500.0,2021-04-19
13.48,13.51,13.38,13.46,-0.29,21830700.0,2021-04-20
13.46,13.48,13.37,13.47,0.12,24640700.0,2021-04-21
13.47,13.47,13.36,13.41,-0.45,14596000.0,2021-04-22
13.4,13.4,13.31,13.32,-0.07,23084100.0,2021-04-25
13.32,13.4,13.2,13.21,-0.81,15617900.0,2021-04-26
13.21,13.39,13.11,13.39,1.34,19062800.0,2021-04-27
13.39,13.42,13.35,13.38,-0.08,22902200.0,2021-04-28
13.38,13.41,13.33,13.4,0.09,21380500.0,2021-04-29
13.38,13.46,13.35,13.44,0.32,45135000.0,2021-05-02
13.48,13.48,13.41,13.44,-0.03,41059500.0,2021-05-03
13.44,13.46,13.32,13.45,0.14,24565300.0,2021-05-04
13.45,13.49,13.28,13.44,-0.12,34787600.0,2021-05-05
13.43,13.43,13.3,13.36,-0.57,27693200.0,2021-05-06
13.38,13.39,13.3,13.34,-0.14,12365300.0,2021-05-09
13.34,13.39,13.31,13.39,0.38,13108700.0,2021-05-10
13.39,13.42,13.33,13.42,0.18,16869500.0,2021-05-11
13.41,13.48,13.36,13.48,0.48,44591100.0,2021-05-12
13.48,13.61,13.42,13.57,0.64,79311700.0,2021-05-13
13.57,13.63,13.49,13.61,0.28,33138100.0,2021-05-16
13.6,13.7,13.58,13.7,0.65,24324300.0,2021-05-17
13.7,13.76,13.69,13.75,0.4,27283800.0,2021-05-18
13.76,13.83,13.76,13.83,0.51,36132000.0,2021-05-19
13.83,13.86,13.72,13.83,0.03,20901400.0,2021-05-20
13.82,13.93,13.79,13.93,0.71,24973800.0,2021-05-23
13.96,14.03,13.96,14.02,0.63,29429400.0,2021-05-24
14.03,14.07,14.0,14.04,0.18,48349300.0,2021-05-25
14.05,14.13,13.95,14.13,0.55,218172000.0,2021-05-27
14.14,14.67,14.14,14.67,3.87,141654000.0,2021-05-30
14.69,14.86,14.62,14.71,0.24,59779200.0,2021-05-31
14.69,14.8,14.65,14.7,-0.08,58054800.0,2021-06-01
14.74,14.74,14.63,14.71,-0.12,46314800.0,2021-06-02
14.72,14.91,14.7,14.91,1.29,54719000.0,2021-06-03
14.82,15.15,14.82,15.15,1.61,68775000.0,2021-06-06
15.19,15.31,15.18,15.25,0.66,70777700.0,2021-06-07
15.25,15.6,15.23,15.59,2.25,101759000.0,2021-06-08
15.63,15.65,15.51,15.6,0.03,52723700.0,2021-06-09
15.59,15.84,15.58,15.72,0.79,39293500.0,2021-06-10
15.78,15.79,15.57,15.62,-0.67,56586300.0,2021-06-13
15.62,15.63,15.57,15.61,-0.07,43975600.0,2021-06-14
15.7,15.73,15.58,15.66,0.35,57288300.0,2021-06-15
15.65,15.71,15.6,15.63,-0.18,40581400.0,2021-06-16
15.66,15.67,15.48,15.6,-0.23,31570700.0,2021-06-17
15.59,15.66,15.4,15.4,-1.26,129244000.0,2021-06-20
15.39,15.39,15.12,15.19,-1.38,57069500.0,2021-06-21
15.19,15.4,15.11,15.4,1.37,36546600.0,2021-06-22
15.38,15.41,15.25,15.26,-0.88,78347300.0,2021-06-23
15.32,15.32,15.22,15.3,-0.03,27781500.0,2021-06-24
15.31,15.39,15.16,15.38,0.52,119450000.0,2021-06-27
15.38,15.45,15.35,15.4,0.12,103828000.0,2021-06-28
15.39,15.41,15.32,15.33,-0.43,35205900.0,2021-06-29
15.32,15.32,15.11,15.24,-0.61,81501100.0,2021-06-30
15.24,15.39,15.2,15.39,0.96,284788000.0,2021-07-01
15.37,15.42,15.33,15.4,0.1,32440800.0,2021-07-04
15.41,15.5,15.31,15.46,0.36,39966900.0,2021-07-05
15.44,15.48,15.28,15.44,-0.1,54764700.0,2021-07-06
15.44,15.44,15.28,15.43,-0.07,67723400.0,2021-07-07
15.42,15.45,15.37,15.45,0.18,69287600.0,2021-07-08
15.48,15.59,15.43,15.59,0.89,264560000.0,2021-07-11
15.59,15.75,15.49,15.62,0.16,142344000.0,2021-07-12
15.61,15.64,15.57,15.63,0.04,45398200.0,2021-07-13
15.62,15.68,15.54,15.68,0.34,540642000.0,2021-07-14
15.62,15.76,15.45,15.75,0.43,671642000.0,2021-07-15
15.77,16.28,15.77,16.28,3.34,143487000.0,2021-07-18
16.28,16.48,16.26,16.37,0.58,298322000.0,2021-07-19
16.39,17.45,16.39,17.4,6.25,292525000.0,2021-07-20
17.51,18.46,17.51,18.32,5.27,633044000.0,2021-07-22
18.44,18.63,18.0,18.08,-1.29,338212000.0,2021-07-25
18.12,18.12,17.7,17.82,-1.43,236355000.0,2021-07-26
17.78,18.03,17.59,17.95,0.72,140654000.0,2021-07-27
17.98,17.99,17.89,17.94,-0.05,125418000.0,2021-07-28
17.96,17.97,17.83,17.92,-0.14,157308000.0,2021-07-29
17.93,18.27,17.88,17.89,-0.13,192768000.0,2021-08-01
17.93,17.96,17.68,17.72,-0.99,95118800.0,2021-08-02
17.73,17.67,17.57,17.61,-0.62,96447037.0,2021-08-03
17.61,17.63,17.42,17.49,-0.67,91547300.0,2021-08-04
17.51,17.56,17.46,17.48,-0.05,115639000.0,2021-08-05
17.53,17.56,17.46,17.49,0.02,87308600.0,2021-08-08
17.49,17.56,17.4,17.42,-0.37,66035200.0,2021-08-09
17.43,17.48,17.3,17.48,0.39,98434700.0,2021-08-10
17.43,17.5,17.36,17.38,-0.61,70593500.0,2021-08-11
17.34,17.46,17.33,17.45,0.45,180935000.0,2021-08-12
17.47,17.47,17.21,17.32,-0.75,75812100.0,2021-08-15
17.33,17.49,17.23,17.3,-0.18,95706900.0,2021-08-16
17.3,17.32,17.04,17.15,-0.85,80865200.0,2021-08-17
17.17,17.17,16.91,16.91,-1.39,110290000.0,2021-08-18
16.92,17.08,16.81,16.81,-0.58,52983900.0,2021-08-19
16.8,16.82,16.52,16.8,-0.05,51216600.0,2021-08-24
16.83,16.85,16.63,16.64,-1.08,41273900.0,2021-08-25
16.66,16.68,16.49,16.58,-0.33,44049600.0,2021-08-26
16.57,16.68,16.42,16.51,-0.36,61021600.0,2021-08-29
16.52,16.52,16.39,16.4,-0.77,79598000.0,2021-08-31
16.4,16.46,16.32,16.34,-0.38,55643500.0,2021-09-01
16.33,16.46,16.16,16.21,-0.84,64111300.0,2021-09-02
16.2,16.2,15.78,15.9,-1.89,84518200.0,2021-09-05
15.89,16.07,15.84,16.07,1.06,44918300.0,2021-09-06
16.09,16.17,16.0,16.16,0.56,52761800.0,2021-09-07
16.18,16.27,16.01,16.07,-0.56,98329500.0,2021-09-08
16.08,16.12,15.87,15.91,-0.99,51966300.0,2021-09-09
15.92,15.94,15.84,15.87,-0.29,45595900.0,2021-09-12
15.88,15.92,15.84,15.87,0.02,28398200.0,2021-09-13
15.88,15.96,15.78,15.83,-0.2,36395200.0,2021-09-14
15.83,15.85,15.77,15.79,-0.25,34086700.0,2021-09-15
15.77,15.77,15.48,15.55,-1.52,32261500.0,2021-09-16
15.56,15.56,14.93,15.07,-3.08,45788900.0,2021-09-20
15.06,15.13,14.78,15.07,-0.01,39026700.0,2021-09-21
15.06,15.45,15.06,15.29,1.45,31264400.0,2021-09-22
15.27,15.38,15.18,15.21,-0.38,35711800.0,2021-09-23
15.19,15.41,15.17,15.24,0.21,47904600.0,2021-09-26
15.25,15.26,15.08,15.09,-1.03,21292000.0,2021-09-27
15.1,15.1,14.87,14.91,-1.16,33939600.0,2021-09-28
14.89,15.02,14.88,15.0,0.59,9368770.0,2021-09-29
14.99,15.14,14.96,15.03,0.19,9868530.0,2021-09-30
15.0,15.06,14.85,14.86,-1.12,18600100.0,2021-10-03
14.85,14.87,14.75,14.76,-0.66,10502500.0,2021-10-04
14.76,14.95,14.7,14.89,0.88,9926390.0,2021-10-05
14.89,15.25,14.89,15.13,1.56,14106000.0,2021-10-06
15.13,15.27,15.13,15.24,0.76,7806540.0,2021-10-10
15.25,15.32,15.21,15.29,0.38,64520200.0,2021-10-11
15.31,15.37,15.14,15.18,-0.75,42526700.0,2021-10-17
15.17,15.18,14.95,14.98,-1.33,51899800.0,2021-10-18
14.96,14.96,14.76,14.8,-1.14,30507300.0,2021-10-19
14.81,15.04,14.81,15.02,1.43,17031500.0,2021-10-20
15.02,15.19,14.97,15.08,0.43,17239200.0,2021-10-21
15.1,15.23,15.08,15.22,0.91,10926500.0,2021-10-24
15.22,15.38,15.2,15.38,1.09,13933800.0,2021-10-25
15.38,15.59,15.37,15.59,1.35,18869500.0,2021-10-26
15.59,15.76,15.51,15.73,0.9,16249633.12,2021-10-27
15.67,15.73,15.49,15.63,-0.69,12155137.01,2021-10-28
15.63,15.87,15.6,15.89,1.7,23147351.41,2021-10-31
15.89,15.89,15.74,15.77,-0.76,16689500.34,2021-11-01
15.79,15.86,15.73,15.78,0.1,13283006.78,2021-11-02
15.78,15.87,15.77,15.83,0.37,12999699.66,2021-11-03
15.84,15.97,15.82,15.92,0.51,9135503.43,2021-11-08
15.92,15.92,15.58,15.59,-2.12,18140487.87,2021-11-09
15.59,15.63,15.49,15.51,-0.45,18373185.29,2021-11-11
15.51,15.52,15.4,15.45,-0.46,10271440.1,2021-11-14
15.45,15.5,15.39,15.48,0.21,799959.0,2021-11-15
15.46,15.61,15.44,15.61,0.85,11931292.0,2021-11-16
15.61,15.8,15.58,15.58,-0.14,9082861.13,2021-11-17
15.58,15.59,15.51,15.53,-0.36,9933782.44,2021-11-18
15.53,15.55,15.47,15.49,-0.22,10669287.23,2021-11-21
15.49,15.57,15.48,15.55,0.36,25256049.84,2021-11-22
15.55,15.59,15.45,15.48,-0.46,9655017.53,2021-11-23
15.46,15.53,15.38,15.51,0.21,7478426.42,2021-11-24
15.5,15.54,15.45,15.51,0.02,16460052.7,2021-11-25
15.51,15.51,15.22,15.28,-1.43,27203295.66,2021-11-28
15.28,15.35,15.16,15.3,0.12,16924252.81,2021-11-29
15.3,15.33,15.27,15.31,0.07,13670574.39,2021-11-30
15.31,15.38,15.28,15.32,0.03,10816696.54,2021-12-01
15.32,15.43,15.08,15.12,-1.27,27835641.0,2021-12-02
15.12,15.16,14.86,14.89,-1.52,19650797.95,2021-12-05
14.89,14.91,14.79,14.91,0.1,15795949.86,2021-12-06
14.92,15.04,14.89,15.04,0.82,47863864.55,2021-12-07
15.04,15.08,14.9,14.92,-0.75,17981787.19,2021-12-08
14.91,14.95,14.83,14.93,0.06,10604636.17,2021-12-09
14.93,14.94,14.72,14.72,-1.36,8791287.42,2021-12-12
14.72,14.72,14.45,14.48,-1.65,16163857.37,2021-12-13
14.48,14.73,14.46,14.72,1.68,3738302.0,2021-12-14
14.72,14.83,14.68,14.73,0.04,9504889.83,2021-12-15
14.73,14.82,14.63,14.81,0.57,6528889.01,2021-12-16
14.82,14.82,14.64,14.68,-0.9,8581332.51,2021-12-20
14.69,14.82,14.61,14.8,0.84,4455235.99,2021-12-21
14.81,14.87,14.77,14.87,0.47,4737930.86,2021-12-22
14.88,14.94,14.77,14.88,0.06,8612081.08,2021-12-23
14.88,14.99,14.88,14.99,0.71,7811152.48,2021-12-26
14.98,15.01,14.83,14.98,-0.06,12261554.03,2021-12-27
14.98,15.0,14.89,14.91,-0.46,7718957.06,2021-12-28
14.91,14.96,14.88,14.93,0.13,6146749.36,2021-12-29
14.92,14.95,14.85,14.87,-0.39,7981335.43,2022-01-02
14.88,15.09,14.85,15.05,1.2,7133127.68,2022-01-03
15.05,15.31,14.97,15.31,1.71,9726941.58,2022-01-04
15.3,15.31,15.12,15.16,-0.96,7919847.51,2022-01-05
15.15,15.38,15.13,15.26,0.64,6955994.6,2022-01-06
15.26,15.66,15.26,15.47,1.39,20112547.11,2022-01-09
15.47,15.69,15.47,15.69,1.41,18237797.33,2022-01-10
15.7,15.88,15.68,15.79,0.57,14504205.21,2022-01-11
15.79,15.87,15.74,15.74,-0.29,26626887.66,2022-01-12
15.74,15.89,15.7,15.89,0.96,7222658.16,2022-01-13
15.89,16.13,15.87,16.13,1.54,25539466.14,2022-01-16
16.15,16.35,16.02,16.35,1.27,17758349.49,2022-01-17
16.35,16.68,16.31,16.55,1.21,19201914.91,2022-01-18
16.55,16.55,16.29,16.34,-1.26,18169500.81,2022-01-19
16.34,16.35,16.25,16.32,-0.14,80374566.38,2022-01-20
16.32,16.4,16.24,16.4,0.56,37733252.63,2022-01-23
16.41,16.42,15.95,16.05,-2.19,23341212.85,2022-01-24
16.05,16.07,16.0,16.03,-0.09,11568595.52,2022-01-25
16.04,16.04,15.78,15.86,-1.12,22314760.47,2022-01-26
15.86,16.04,15.72,15.76,-0.58,13408737.32,2022-01-27
15.76,16.11,15.76,16.04,1.75,15676400.07,2022-01-30
16.05,16.05,15.84,15.92,-0.72,17376932.64,2022-01-31
15.93,16.17,15.85,16.16,1.5,10739755.61,2022-02-01
16.16,16.2,16.03,16.05,-0.65,18202998.21,2022-02-03
16.07,16.07,15.9,16.0,-0.37,11273095.27,2022-02-06
16.0,16.08,15.94,16.04,90.25,9674572.22,2022-02-07
16.04,16.14,16.03,16.11,0.47,14459267.74,2022-02-08
16.12,16.12,15.95,15.99,-0.74,9584964.43,2022-02-09
15.99,16.04,15.95,16.0,0.03,8383083.02,2022-02-10
16.0,16.0,15.7,15.85,-0.95,11562130.39,2022-02-13
15.85,15.96,15.79,15.81,-0.26,8993957.1,2022-02-14
15.82,15.84,15.74,15.84,0.2,6576398.88,2022-02-15
15.84,15.84,15.75,15.76,-0.45,7036383.64,2022-02-16
15.77,15.9,15.76,15.79,0.14,5328412.26,2022-02-17
15.79,15.79,15.58,15.61,-1.12,9095439.12,2022-02-20
15.61,15.68,15.59,15.65,0.23,4233274.41,2022-02-21
15.65,15.71,15.64,15.71,0.39,7355548.52,2022-02-22
15.71,15.84,15.64,15.84,0.84,6709158.49,2022-02-23
15.84,15.84,15.57,15.64,-1.28,11347188.46,2022-02-24
15.64,15.71,15.56,15.59,-0.39,10500475.76,2022-02-27
15.58,15.59,15.45,15.56,-0.13,11875480.36,2022-02-28
15.56,15.56,15.34,15.34,-1.45,10838008.13,2022-03-02
15.34,15.39,15.29,15.3,-0.22,5987087.32,2022-03-06
15.3,15.32,15.24,15.24,-0.42,6616240.52,2022-03-07
15.24,15.26,15.17,15.2,-0.21,5509212.64,2022-03-09
15.21,15.43,15.15,15.43,1.46,2675296.06,2022-03-10
15.43,15.65,15.33,15.6,1.12,7513427.33,2022-03-13
15.6,15.6,15.52,15.53,-0.48,1483401.7,2022-03-14
15.53,15.62,15.47,15.62,0.61,8810177.16,2022-03-15
15.62,15.62,15.56,15.62,0.02,3659332.09,2022-03-16
15.62,15.63,15.45,15.49,-0.83,3288623.82,2022-03-20
15.49,15.66,15.46,15.58,0.58,5584639.35,2022-03-21
15.58,15.8,15.58,15.79,1.29,8914541.1,2022-03-22
15.79,15.89,15.76,15.82,0.25,4885883.54,2022-03-23
15.81,15.81,15.68,15.75,-0.5,5654847.25,2022-03-24
15.75,15.75,15.62,15.62,-0.8,6687666.88,2022-03-27
15.62,15.62,15.49,15.54,-0.51,5376085.98,2022-03-28
15.54,15.54,15.45,15.5,-0.26,6877431.3,2022-03-29
15.49,15.7,15.46,15.7,1.3,3697970.79,2022-03-30
15.7,15.7,15.57,15.61,-0.62,4861726.4,2022-03-31
15.61,15.67,15.59,15.61,0.0,5221774.68,2022-04-03
15.61,15.61,15.5,15.59,-0.11,4249982.52,2022-04-04
15.59,15.59,15.29,15.31,-1.8,6041178.52,2022-04-05
15.31,15.33,15.24,15.33,0.13,5617565.33,2022-04-06
15.33,15.45,15.28,15.44,0.71,11054570.63,2022-04-07
15.44,15.44,15.31,15.33,-0.7,8157021.44,2022-04-11
15.33,15.33,15.14,15.14,-1.24,6243571.01,2022-04-12
15.14,15.2,15.08,15.2,0.44,3361158.75,2022-04-13
15.2,15.21,15.15,15.16,-0.28,3328151.42,2022-04-17
15.16,15.16,15.03,15.05,-0.73,3890569.32,2022-04-18
15.05,15.13,14.97,15.12,0.51,2997604.9,2022-04-19
15.11,15.14,15.03,15.05,-0.5,5103284.87,2022-04-20
15.05,15.05,14.86,15.0,-0.3,5881913.8,2022-04-21
15.0,15.31,14.99,15.31,2.06,6254390.85,2022-04-24
15.31,15.47,15.28,15.44,0.82,6478500.7,2022-04-25
15.44,15.69,15.39,15.69,1.62,11785361.01,2022-04-26
15.69,15.69,15.39,15.59,-0.65,5882783.13,2022-04-27
15.55,15.7,15.52,15.56,-0.16,15425321.12,2022-04-28
15.56,15.56,15.33,15.46,-0.64,8766678.78,2022-05-02
15.46,15.46,15.34,15.39,-0.44,125223267.8,2022-05-04
15.39,15.39,15.22,15.26,-0.85,7980280.04,2022-05-05
15.26,15.33,15.14,15.33,0.46,3486712.7,2022-05-08
15.33,15.45,15.31,15.42,0.55,2639891.94,2022-05-09
15.42,15.47,15.37,15.47,0.34,2505491.25,2022-05-10
15.47,15.6,15.44,15.6,0.83,4977161.48,2022-05-11
15.6,15.65,15.42,15.42,-1.16,3994252.97,2022-05-12
15.42,15.43,15.11,15.17,-1.58,1987160.36,2022-05-17
15.17,15.17,15.05,15.14,-0.25,2907997.91,2022-05-18
15.13,15.25,15.09,15.25,0.75,3120835.74,2022-05-19
15.25,15.33,15.1,15.32,0.46,4569710.74,2022-05-20
15.32,15.32,15.12,15.18,-0.92,10748628.6,2022-05-23
15.18,15.2,15.12,15.14,-0.25,7786882.58,2022-05-24
15.14,15.28,15.11,15.21,0.48,3897139.46,2022-05-25
15.21,15.34,15.2,15.34,0.85,1918229.5,2022-05-26
15.33,15.34,15.27,15.34,-0.04,5617954.57,2022-05-27
15.34,15.34,14.98,15.01,-2.11,2993793.72,2022-05-30
15.01,15.09,14.94,15.08,0.45,8652591.73,2022-05-31
15.08,15.1,14.9,15.03,-0.36,4982213.75,2022-06-01
15.02,15.07,14.94,15.05,0.14,9141000.81,2022-06-02
15.05,15.06,14.78,14.78,-1.74,7598385.61,2022-06-03
14.78,14.89,14.76,14.82,0.27,15739584.18,2022-06-06
14.82,14.83,14.68,14.68,-0.95,5567594.2,2022-06-07
14.68,14.85,14.6,14.85,1.17,7773049.35,2022-06-08
14.85,14.97,14.74,14.79,-0.43,6110771.42,2022-06-09
14.79,14.79,14.69,14.74,-0.31,7276129.3,2022-06-10
14.74,14.81,14.67,14.67,-0.53,2531425.14,2022-06-13
14.67,14.67,14.49,14.53,-0.95,13935850.99,2022-06-14
14.53,14.53,14.31,14.4,-0.89,3885598.51,2022-06-15
14.4,14.5,14.37,14.5,0.7,2687069.33,2022-06-16
14.5,14.53,14.44,14.51,0.04,1539495.19,2022-06-17
14.5,14.5,14.06,14.06,-3.1,5750726.01,2022-06-19
14.06,14.06,13.64,13.77,-2.04,9569510.32,2022-06-20
13.77,14.21,13.72,14.18,2.99,5781530.47,2022-06-21
14.18,14.18,14.03,14.06,-0.85,6018671.83,2022-06-22
14.06,14.06,13.78,13.81,-1.77,3587257.29,2022-06-23
13.81,13.82,13.69,13.72,-0.67,1680261.69,2022-06-24
13.72,14.22,13.71,14.22,3.65,4733726.63,2022-06-26
14.22,14.23,14.04,14.04,-1.3,6370837.36,2022-06-27
14.04,14.06,13.92,13.97,-0.44,6062157.02,2022-06-28
13.97,14.39,13.95,14.37,2.79,6799055.99,2022-06-29
14.37,14.77,14.29,14.75,2.67,13417562.74,2022-06-30
14.75,14.77,14.63,14.66,-0.61,3041438.74,2022-07-01
14.66,14.75,14.61,14.73,0.44,4122317.9,2022-07-03
14.73,14.98,14.71,14.73,0.06,15154027.19,2022-07-04
14.73,14.75,14.52,14.56,-1.2,4934242.75,2022-07-05
14.56,14.56,14.42,14.48,-0.56,9921548.91,2022-07-06
14.48,14.65,14.43,14.57,0.66,3803716.19,2022-07-07
14.58,14.61,14.42,14.42,-1.07,3067481.37,2022-07-08
14.43,14.44,14.06,14.06,-2.44,7003043.33,2022-07-11
14.06,14.22,14.06,14.09,0.18,6457935.68,2022-07-12
14.09,14.68,14.07,14.68,4.19,5310920.97,2022-07-13
14.68,14.79,14.55,14.79,0.74,5986321.49,2022-07-14
14.79,15.01,14.79,15.01,1.49,6273257.71,2022-07-15
15.01,15.04,14.9,14.97,-0.21,2134471.27,2022-07-17
14.97,14.98,14.82,14.93,-0.27,2750332.32,2022-07-18
14.93,15.02,14.88,14.95,0.09,6852493.58,2022-07-19
14.95,14.96,14.86,14.96,0.12,4410173.05,2022-07-20
14.96,14.96,14.86,14.9,-0.44,3792375.9,2022-07-21
14.9,14.9,14.72,14.73,-1.17,1312727.42,2022-07-22
14.73,14.9,14.68,14.9,1.16,2376110.02,2022-07-24
14.9,15.01,14.82,15.0,0.68,6314062.57,2022-07-25
15.0,15.0,14.81,14.81,-1.23,3079458.22,2022-07-26
14.82,14.85,14.65,14.84,0.15,2957613.59,2022-07-27
14.85,14.99,14.73,14.92,0.46,7175512.59,2022-07-28
14.92,15.0,14.76,14.8,-0.82,2052592.18,2022-07-29
14.8,14.92,14.71,14.91,0.75,7145349.31,2022-07-31
14.91,14.98,14.77,14.85,-0.39,4011745.3,2022-08-01
14.85,14.93,14.79,14.89,0.22,12284389.91,2022-08-02
14.89,15.03,14.84,14.92,0.22,3341417.86,2022-08-03
14.92,14.92,14.66,14.75,-1.12,4021279.01,2022-08-04
14.8,15.03,14.8,14.88,0.89,10219169.35,2022-08-05
14.88,14.91,14.76,14.89,0.02,6443553.56,2022-08-07
14.89,14.95,14.86,14.92,0.27,5202773.3,2022-08-08
14.92,14.96,14.76,14.78,-0.94,6540442.32,2022-08-09
14.78,14.81,14.69,14.69,-0.64,3260707.25,2022-08-10
14.69,14.76,14.66,14.76,0.46,22984255.26,2022-08-11
14.76,14.77,14.59,14.64,-0.8,5470440.26,2022-08-14
14.64,14.73,14.59,14.73,0.61,8113607.05,2022-08-15
14.73,14.93,14.54,14.6,-0.9,4344211.96,2022-08-16
14.6,14.66,14.29,14.66,0.31,3465248.95,2022-08-17
14.66,14.76,14.61,14.72,0.42,3091600.25,2022-08-18
14.72,14.72,14.58,14.63,-0.62,6868482.13,2022-08-21
14.63,14.67,14.5,14.66,0.21,6867619.09,2022-08-22
14.66,14.68,14.5,14.58,-0.5,5387265.91,2022-08-23
14.58,14.61,14.48,14.54,-0.27,1628915.16,2022-08-24
14.54,14.56,14.45,14.45,-0.58,3995772.53,2022-08-25
14.45,14.52,14.4,14.44,-0.1,3513873.97,2022-08-26
14.44,14.52,14.35,14.52,0.53,9026036.01,2022-08-28
14.52,14.52,14.32,14.35,-1.12,2958498.92,2022-08-29
14.35,14.4,14.29,14.37,0.12,4420007.89,2022-08-30
14.37,14.4,14.27,14.27,-0.7,3237536.03,2022-08-31
14.27,14.31,14.16,14.26,-0.06,4598902.34,2022-09-01
14.26,14.26,14.18,14.24,-0.14,1257907.53,2022-09-02
14.24,14.26,14.15,14.19,-0.35,2201701.2,2022-09-04
14.19,14.2,14.03,14.06,-0.92,2494767.62,2022-09-05
14.06,14.16,14.06,14.12,0.43,1926956.59,2022-09-06
14.12,14.23,14.11,14.23,0.78,9317427.9,2022-09-07
14.23,14.26,13.98,14.1,-0.88,7620681.27,2022-09-08
14.1,14.18,14.02,14.02,-0.57,6372210.46,2022-09-11
14.02,14.11,14.01,14.04,0.12,6135031.69,2022-09-12
14.04,14.2,14.04,14.14,0.76,9483242.06,2022-09-13
14.14,14.32,13.89,14.32,1.27,7704892.12,2022-09-14
14.32,14.32,13.94,14.04,-1.95,7735992.08,2022-09-15
14.04,14.07,14.0,14.05,0.07,5226838.88,2022-09-16
14.05,14.05,13.72,13.75,-2.1,5115098.95,2022-09-18
13.75,13.76,13.58,13.62,-0.98,4592956.45,2022-09-20
13.62,13.62,13.52,13.56,-0.44,4882728.73,2022-09-21
13.56,13.59,13.46,13.52,-0.29,8012918.13,2022-09-22
13.52,13.52,13.43,13.48,-0.28,2394829.04,2022-09-25
13.48,13.51,13.42,13.42,-0.47,2134978.45,2022-09-27
13.42,13.47,13.36,13.36,-0.43,954948.32,2022-09-28
13.36,13.53,13.36,13.53,1.26,1038625.25,2022-09-29
13.53,13.62,13.51,13.62,0.7,948479.07,2022-10-09
13.62,13.84,13.62,13.74,0.84,3897062.74,2022-10-10
13.73,13.8,13.72,13.77,0.26,2797018.47,2022-10-11
13.77,13.78,13.47,13.54,-1.71,1363189.16,2022-10-12
13.54,13.61,13.54,13.56,0.13,2381004.38,2022-10-13
13.56,13.57,13.49,13.49,-0.52,4138634.65,2022-10-16
13.49,13.53,13.47,13.52,0.22,1775834.19,2022-10-17
13.52,13.62,13.51,13.54,0.15,1494471.66,2022-10-19
13.54,13.55,13.46,13.5,-0.26,1982431.03,2022-10-20
13.5,13.55,13.45,13.47,-0.28,1324895.85,2022-10-23
13.47,13.61,13.47,13.57,0.74,5692667.06,2022-10-31
13.57,13.66,13.51,13.64,0.53,2891895.32,2022-11-01
13.64,13.71,13.58,13.68,0.27,3099093.49,2022-11-02
13.68,13.68,13.56,13.57,-0.77,2785130.28,2022-11-03
13.57,13.59,13.42,13.56,-0.07,3234536.01,2022-11-06
13.56,13.76,13.54,13.71,1.06,1776896.5,2022-11-07
13.71,13.8,13.55,13.67,-0.29,1574200.77,2022-11-08
13.67,13.69,13.63,13.63,-0.31,1619628.2,2022-11-09
13.63,13.63,13.44,13.47,-1.17,1770487.85,2022-11-10
13.47,13.47,13.38,13.42,-0.31,1689837.45,2022-11-13
13.42,13.53,13.4,13.53,0.79,993290.82,2022-11-14
13.53,13.54,13.43,13.45,-0.59,1887257.52,2022-11-15
13.45,13.46,13.32,13.33,-0.85,2200201.35,2022-11-16
13.33,13.56,13.33,13.56,1.67,2358328.17,2022-11-17
13.56,13.58,13.5,13.53,-0.18,1050230.12,2022-11-22
13.53,13.54,13.49,13.49,-0.31,909468.33,2022-11-23
13.49,13.54,13.42,13.54,0.38,906398.35,2022-11-24
13.54,13.55,13.41,13.41,-0.96,2241178.14,2022-11-27
13.41,13.51,13.41,13.44,0.24,1702418.66,2022-11-28
13.44,13.91,13.42,13.49,0.33,1123046.36,2022-11-29
13.49,13.51,13.35,13.36,-0.96,1083561.56,2022-11-30
13.35,13.49,13.35,13.43,0.52,984703.95,2022-12-01
13.43,13.54,13.39,13.52,0.63,1978533.51,2022-12-04
13.52,13.59,13.49,13.49,-0.22,2628225.83,2022-12-05
13.5,13.66,13.3,13.39,-0.74,1751379.35,2022-12-06
13.39,13.44,13.19,13.36,-0.22,3752390.29,2022-12-07
13.37,13.38,13.14,13.23,-0.97,4883669.88,2022-12-11
13.23,13.41,13.2,13.41,1.36,1649562.82,2022-12-12
13.41,13.53,13.37,13.53,0.89,916079.55,2022-12-13
13.53,13.56,13.38,13.4,-0.96,1122103.06,2022-12-14
13.4,13.4,13.22,13.27,-1.0,3375435.92,2022-12-15
13.27,13.34,13.15,13.15,-0.84,3247206.01,2022-12-18
13.15,13.16,13.12,13.16,0.04,1831413.23,2022-12-19
13.16,13.17,13.12,13.16,0.03,3772594.75,2022-12-20
13.16,13.16,13.11,13.12,-0.3,2395355.66,2022-12-21
13.12,13.19,13.09,13.18,0.4,2285470.68,2022-12-22
13.18,13.42,13.15,13.42,1.82,2470235.79,2022-12-26
13.42,13.54,13.36,13.51,0.71,5850858.69,2022-12-27
13.51,13.7,13.46,13.52,0.06,4409213.81,2022-12-28
13.53,13.72,13.48,13.72,1.41,4786414.98,2022-12-29
13.72,13.89,13.71,13.77,0.39,8263306.54,2023-01-01
13.77,13.77,13.64,13.69,-0.58,7783271.82,2023-01-02
13.69,13.75,13.63,13.74,0.35,5151888.77,2023-01-03
13.74,13.98,13.73,13.97,1.67,3772482.48,2023-01-04
13.97,14.03,13.93,14.03,0.43,12373436.04,2023-01-05
14.03,14.49,13.8,14.45,2.99,12098772.35,2023-01-08
14.46,14.71,14.44,14.71,1.81,11936252.27,2023-01-09
14.72,14.86,14.65,14.74,0.2,12498198.31,2023-01-10
14.75,14.83,14.53,14.63,-0.75,9257699.17,2023-01-12
14.63,14.71,14.41,14.71,0.55,22182059.01,2023-01-17
14.71,14.82,14.68,14.74,0.21,10876321.27,2023-01-18
14.74,14.99,14.6,14.96,1.47,8250459.45,2023-01-19
14.96,15.08,14.95,15.06,0.67,5906866.33,2023-01-23
15.06,15.06,14.73,14.74,-2.1,6428798.28,2023-01-24
14.74,14.94,14.66,14.92,1.22,10371052.8,2023-01-25
14.91,14.99,14.82,14.86,-0.35,5719682.13,2023-01-26
14.85,14.85,14.77,14.77,-0.59,5607420.57,2023-01-29
14.79,14.79,14.59,14.6,-1.15,5950424.2,2023-01-30
14.6,14.61,14.29,14.48,-0.82,5556519.01,2023-01-31
14.48,14.54,14.37,14.45,-0.26,5094477.7,2023-02-01
14.45,14.52,14.4,14.44,-0.05,5285231.88,2023-02-02
14.44,14.46,14.35,14.46,0.13,3125511.18,2023-02-05
14.46,14.5,14.33,14.38,-0.55,3666266.68,2023-02-06
14.38,14.73,14.34,14.71,2.24,5219802.72,2023-02-07
14.71,14.74,14.59,14.65,-0.41,8850250.55,2023-02-08
14.65,14.65,14.57,14.62,-0.16,3128947.39,2023-02-09
14.62,14.62,14.37,14.5,-0.83,5573598.99,2023-02-12
14.5,14.56,14.41,14.42,-0.56,3220600.11,2023-02-14
14.42,14.42,14.32,14.32,-0.68,2172351.82,2023-02-15
14.32,14.32,14.24,14.29,-0.21,2968409.27,2023-02-16
14.29,14.41,14.25,14.41,0.79,16008622.24,2023-02-20
14.41,14.41,14.32,14.38,-0.15,2736154.08,2023-02-22
14.38,14.38,14.06,14.12,-1.81,3849498.07,2023-02-23
14.12,14.12,13.94,14.11,-0.09,3798808.69,2023-02-26
14.1,14.21,14.06,14.18,0.5,2276514.66,2023-02-27
14.18,14.23,14.09,14.23,0.35,2504168.75,2023-02-28
14.23,14.24,14.11,14.12,-0.78,4951440.43,2023-03-01
14.12,14.13,13.99,14.01,-0.8,3119091.07,2023-03-02
14.01,14.01,13.86,13.93,-0.57,2708792.05,2023-03-05
13.92,13.96,13.82,13.89,-0.29,2342243.28,2023-03-07
13.89,14.21,13.85,14.21,2.31,2186609.13,2023-03-09
14.21,14.21,14.07,14.16,-0.4,1669780.5,2023-03-12
14.16,14.16,14.0,14.01,-1.04,2066545.29,2023-03-13
14.0,14.01,13.96,13.98,-0.18,1942234.63,2023-03-14
13.98,14.03,13.89,13.96,-0.2,4762666.56,2023-03-15
13.96,13.96,13.85,13.92,-0.26,1173283.75,2023-03-16
13.92,13.98,13.76,13.76,-1.15,2055015.73,2023-03-19
13.75,13.81,13.73,13.8,0.29,2816594.31,2023-03-20
13.79,13.81,13.73,13.78,-0.14,3085105.39,2023-03-22
13.78,13.78,13.54,13.64,-1.05,4030159.67,2023-03-23
13.18,13.19,12.97,12.99,-4.77,3189044.13,2023-03-26
12.99,13.06,12.91,13.06,0.58,2755065.29,2023-03-27
13.06,13.4,13.05,13.4,2.55,2151554.66,2023-03-28
13.4,13.42,13.29,13.37,-0.19,2029982.16,2023-03-29
13.37,13.43,13.25,13.43,0.42,1889269.7,2023-03-30
13.43,13.44,13.38,13.41,-0.14,2108943.53,2023-04-02
13.41,13.41,13.26,13.29,-0.9,565392.3,2023-04-03
13.29,13.37,13.27,13.29,0.03,1244546.74,2023-04-04
13.29,13.38,13.17,13.38,0.68,1316532.5,2023-04-05
13.38,13.38,13.25,13.27,-0.82,2109466.86,2023-04-06
13.27,13.27,13.12,13.18,-0.68,1395467.79,2023-04-09
13.17,13.27,13.15,13.26,0.61,2378790.02,2023-04-10
13.26,13.42,13.23,13.42,1.21,2075022.72,2023-04-11
13.42,13.8,13.39,13.8,2.87,3443311.64,2023-04-12
13.8,13.85,13.74,13.74,-0.44,2369081.37,2023-04-13
13.74,13.81,13.69,13.71,-0.21,3328247.01,2023-04-16
13.71,13.71,13.52,13.53,-1.36,2942276.42,2023-04-17
13.53,13.67,13.53,13.6,0.56,1229469.38,2023-04-18
13.6,13.62,13.52,13.54,-0.47,1423483.3,2023-04-19
13.54,13.58,13.47,13.49,-0.37,1435761.85,2023-04-20
13.49,13.52,13.38,13.48,-0.07,991328.41,2023-04-23
13.49,13.69,13.45,13.64,1.19,1042389.98,2023-04-24
13.64,13.64,13.5,13.63,-0.09,1202436.06,2023-04-25
13.64,13.64,13.49,13.59,-0.29,1791493.47,2023-04-26
13.59,13.66,13.56,13.57,-0.14,810602.35,2023-04-27
13.57,13.58,13.35,13.38,-1.39,2381596.79,2023-04-30
13.38,13.52,13.36,13.46,0.54,1937448.55,2023-05-02
13.46,13.53,13.43,13.48,0.19,2033654.68,2023-05-03
13.48,13.53,13.41,13.53,0.36,2116348.95,2023-05-04
13.51,13.54,13.42,13.52,-0.05,962322.21,2023-05-07
13.52,13.53,13.45,13.52,-0.06,1646596.25,2023-05-08
13.52,13.56,13.47,13.54,0.18,2232013.92,2023-05-09
13.54,13.54,13.39,13.48,-0.43,885339.11,2023-05-10
13.48,13.54,13.43,13.54,0.45,971745.07,2023-05-11
13.54,13.55,13.43,13.48,-0.44,1217365.63,2023-05-14
13.48,13.48,13.39,13.42,-0.38,968633.15,2023-05-15
13.42,13.46,13.37,13.45,0.22,1953906.92,2023-05-16
13.45,13.54,13.36,13.46,0.04,1283603.86,2023-05-17
13.46,13.62,13.41,13.62,1.23,1676231.99,2023-05-18
13.62,13.73,13.58,13.65,0.16,3558498.32,2023-05-21
13.65,13.68,13.6,13.73,0.6,2144043.03,2023-05-22
13.73,13.8,13.58,13.8,0.55,2701685.67,2023-05-23
13.8,13.85,13.71,13.77,-0.21,3402960.59,2023-05-24
13.68,13.9,13.66,13.86,0.65,2332500.66,2023-05-28
13.86,13.86,13.64,13.67,-1.42,2740544.53,2023-05-30
13.67,13.68,13.57,13.61,-0.45,3760415.94,2023-05-31
13.61,13.7,13.51,13.62,0.06,2230165.29,2023-06-01
13.62,13.73,13.59,13.72,0.76,1914329.77,2023-06-04
13.72,13.72,13.6,13.69,-0.23,2191632.06,2023-06-05
13.69,13.87,13.58,13.87,1.3,1998898.09,2023-06-06
13.87,13.87,13.75,13.78,-0.65,2018002.92,2023-06-07
13.78,13.84,13.74,13.84,0.46,3244724.15,2023-06-08
13.84,13.9,13.72,13.9,0.42,5626517.82,2023-06-11
13.9,14.01,13.87,13.89,-0.06,2651409.67,2023-06-12
13.89,14.06,13.88,14.06,1.19,6788135.51,2023-06-13
14.06,14.15,13.91,14.07,0.08,6603321.16,2023-06-14
14.07,14.08,13.98,14.08,0.09,3427859.48,2023-06-15
14.08,14.23,13.92,14.2,0.83,6783780.27,2023-06-18
14.19,14.68,14.15,14.66,3.23,11543221.75,2023-06-19
14.66,14.67,14.32,14.35,-2.09,4770792.46,2023-06-20
14.35,14.35,14.19,14.22,-0.9,3547564.98,2023-06-21
14.21,14.21,14.05,14.06,-1.15,3700725.85,2023-06-22
14.05,14.32,13.98,14.32,1.83,8032398.83,2023-06-25
14.32,14.62,14.32,14.51,1.37,7454651.2,2023-06-26
14.51,14.75,14.48,14.75,1.63,8843243.52,2023-06-27
14.75,14.86,14.56,14.69,-0.4,7859762.0,2023-06-28
14.69,14.71,14.49,14.57,-0.78,5892883.55,2023-07-02
14.57,14.64,14.42,14.42,-1.07,5859838.77,2023-07-03
14.42,14.49,14.41,14.44,0.15,5712682.6,2023-07-04
14.44,14.45,14.38,14.41,-0.23,6041403.58,2023-07-05
14.41,14.43,14.35,14.36,-0.32,4454414.65,2023-07-06
14.36,14.47,14.36,14.41,0.38,6911465.31,2023-07-09
14.41,14.54,14.38,14.46,0.29,6564199.05,2023-07-10
14.46,14.52,14.35,14.51,0.38,5657049.14,2023-07-11
14.51,14.77,14.48,14.77,1.76,4555466.99,2023-07-12
14.76,14.93,14.71,14.85,0.55,10171019.39,2023-07-13
14.85,15.15,14.85,15.15,2.06,10411849.74,2023-07-16
15.15,15.17,15.0,15.08,-0.49,6190694.28,2023-07-17
15.08,15.08,14.96,15.02,-0.37,7387851.38,2023-07-18
15.02,15.06,14.93,15.06,0.25,3857245.0,2023-07-19
15.06,15.13,14.82,14.87,-1.21,4555838.92,2023-07-20
14.88,14.96,14.82,14.96,0.55,7208967.3,2023-07-23
14.96,15.15,14.93,15.1,0.94,85583098.74,2023-07-24
15.1,15.12,14.93,15.0,-0.66,4721711.4,2023-07-25
15.0,15.06,14.87,15.05,0.37,5238690.45,2023-07-26
15.05,15.06,14.82,14.82,-1.55,4037164.23,2023-07-27
14.82,14.9,14.75,14.87,0.32,6441010.39,2023-07-30
14.86,14.92,14.76,14.86,-0.05,6502133.5,2023-07-31
14.87,15.05,14.82,14.91,0.35,9622173.82,2023-08-01
14.91,14.94,14.88,14.92,0.07,38086130.5,2023-08-02
14.92,14.96,14.87,14.96,0.24,3896690.38,2023-08-03
14.96,15.03,14.79,14.8,-1.05,4530112.4,2023-08-06
14.8,14.85,14.75,14.81,0.07,3801269.42,2023-08-07
14.81,14.81,14.69,14.71,-0.72,3800640.78,2023-08-08
14.71,14.75,14.62,14.65,-0.41,2302676.87,2023-08-09
14.65,14.8,14.61,14.74,0.66,3244825.18,2023-08-10
14.75,14.8,14.72,14.74,0.01,9050119.59,2023-08-13
14.74,14.84,14.69,14.83,0.55,3825765.17,2023-08-14
19.14,19.25,19.06,19.11,28.9,5753606.91,2023-08-15
19.11,19.12,18.82,18.89,-1.18,5468521.89,2023-08-16
18.88,18.93,18.84,18.84,-0.23,2487258.69,2023-08-17
18.84,18.86,18.63,18.8,-0.21,7688274.77,2023-08-20
18.8,18.8,18.67,18.77,-0.18,3931983.98,2023-08-21
18.77,18.77,18.7,18.77,0.02,5827288.91,2023-08-22
18.77,18.91,18.7,18.9,0.67,3792176.8,2023-08-23
18.9,18.96,18.79,18.79,-0.56,6263780.87,2023-08-24
18.79,18.84,18.71,18.84,0.24,5411611.45,2023-08-27
18.84,18.9,18.74,18.89,0.28,7258517.04,2023-08-28
18.89,18.95,18.74,18.94,0.25,13939508.1,2023-08-29
18.94,18.95,18.78,18.87,-0.37,6118599.25,2023-08-30
18.87,18.88,18.64,18.67,-1.04,5853944.97,2023-09-03
18.67,18.74,18.6,18.74,0.38,3833196.16,2023-09-04
18.74,18.74,18.46,18.63,-0.6,2442519.95,2023-09-05
18.63,18.64,18.41,18.45,-0.97,2855915.8,2023-09-07
18.43,18.48,18.33,18.48,0.17,7056548.8,2023-09-10
18.48,18.58,18.45,18.58,0.51,5120781.24,2023-09-11
18.58,18.61,18.54,18.59,0.04,7470078.71,2023-09-12
18.59,18.6,18.54,18.59,0.01,7603028.07,2023-09-13
18.59,18.6,18.39,18.52,-0.35,5757560.44,2023-09-17
18.52,18.59,18.47,18.59,0.34,5140579.22,2023-09-18
18.58,18.68,18.49,18.61,0.11,6718727.4,2023-09-19
18.61,18.92,18.6,18.83,1.22,15112090.32,2023-09-21
18.83,18.86,18.74,18.76,-0.37,16901339.09,2023-09-24
18.76,18.84,18.69,18.84,0.38,16172727.98,2023-09-25
18.84,19.0,18.83,18.96,0.63,22037383.84,2023-09-26
18.96,18.98,18.87,18.93,-0.12,17640206.3,2023-09-27
18.94,18.95,18.56,18.7,-1.25,13313967.01,2023-10-01
18.7,18.91,18.69,18.89,1.0,8550620.42,2023-10-02
18.89,19.02,18.73,18.73,-0.8,4495518.91,2023-10-03
18.73,18.81,18.63,18.74,0.05,7955449.17,2023-10-04
18.74,18.79,18.65,18.79,0.24,3410644.4,2023-10-05
18.79,18.82,18.54,18.59,-1.08,4225311.85,2023-10-08
18.59,18.62,18.44,18.49,-0.53,8611732.64,2023-10-09
18.49,18.49,18.33,18.34,-0.81,6075237.52,2023-10-10
18.34,18.63,18.22,18.53,1.07,4925205.13,2023-10-11
18.53,18.57,18.34,18.56,0.16,8997573.6,2023-10-12
18.56,18.56,18.26,18.37,-1.04,5575045.66,2023-10-16
18.37,18.57,18.29,18.56,1.06,5042535.11,2023-10-17
18.56,18.64,18.47,18.64,0.38,6016488.25,2023-10-18
18.64,18.73,18.6,18.7,0.36,4324534.23,2023-10-19
18.7,18.75,18.51,18.53,-0.91,2977519.76,2023-10-29
18.51,18.51,18.35,18.45,-0.46,4345285.07,2023-10-30
18.45,18.45,18.34,18.38,-0.36,3781612.88,2023-10-31
18.38,18.38,18.22,18.28,-0.52,4768545.61,2023-11-01
17.48,17.49,17.4,17.43,-4.63,3675856.61,2023-11-02
17.43,17.44,17.21,17.26,-1.0,3645364.12,2023-11-05
17.26,17.31,17.15,17.31,0.27,3941865.09,2023-11-06
17.31,17.38,17.21,17.32,0.06,6165100.3,2023-11-07
17.32,17.32,17.16,17.32,0.0,2625675.44,2023-11-08
17.32,17.32,17.19,17.28,-0.23,2652887.18,2023-11-09
17.28,17.38,17.19,17.35,0.45,1527803.6,2023-11-20
17.35,17.43,17.26,17.43,0.42,8137728.51,2023-11-21
17.43,17.43,17.35,17.42,-0.03,2903572.99,2023-11-22
17.42,17.48,17.35,17.43,0.07,3308591.2,2023-11-23
17.43,17.68,17.33,17.68,1.41,5888463.52,2023-11-26
17.68,17.69,17.6,17.68,0.01,4863360.72,2023-11-27
17.68,17.83,17.57,17.83,0.84,6348794.96,2023-11-28
17.83,17.85,17.66,17.72,-0.63,4555682.01,2023-11-29
17.72,17.75,17.62,17.74,0.11,4292184.91,2023-11-30
17.74,17.77,17.49,17.52,-1.25,3190860.67,2023-12-03
17.52,17.56,17.45,17.55,0.15,4185441.39,2023-12-04
17.55,17.55,17.44,17.52,-0.15,2934246.14,2023-12-05
17.52,17.55,17.43,17.53,0.05,2951683.45,2023-12-06
17.53,17.59,17.38,17.59,0.34,2529246.25,2023-12-07
17.59,17.65,17.59,17.63,0.21,175713.75,2023-12-10
17.64,18.01,17.64,18.01,2.16,8940268.14,2023-12-11
18.01,18.26,17.99,18.26,1.36,7915117.56,2023-12-12
18.26,18.4,18.19,18.4,0.78,6463231.22,2023-12-13
18.4,18.44,18.28,18.43,0.18,6616354.71,2023-12-14
18.45,18.46,18.3,18.35,-0.42,9366701.25,2023-12-17
18.35,18.69,18.28,18.67,1.69,11010395.33,2023-12-18
18.66,18.94,18.65,18.94,1.44,7554314.25,2023-12-19
18.95,19.03,18.72,19.02,0.45,10827513.23,2023-12-20
19.02,19.03,18.69,18.74,-1.46,9107278.3,2023-12-21
18.74,18.83,18.56,18.72,-0.12,12786238.4,2023-12-24
18.73,18.82,18.67,18.82,0.53,10622576.97,2023-12-27
18.82,18.93,18.74,18.89,0.37,11085672.6,2023-12-28
18.89,18.95,18.79,18.83,-0.31,8777071.64,2024-01-01
18.83,18.83,18.59,18.63,-1.04,8252362.56,2024-01-02
18.63,18.71,18.46,18.7,0.38,3529257.89,2024-01-03
18.7,18.85,18.59,18.85,0.76,15144476.8,2024-01-04
18.85,18.86,18.6,18.84,-0.03,9316040.25,2024-01-07
18.83,18.84,18.62,18.83,-0.01,417486868.7,2024-01-08
18.83,18.87,18.67,18.8,-0.15,12548718.22,2024-01-09
18.8,18.96,18.69,18.86,0.32,5093342.28,2024-01-10
18.86,18.88,18.58,18.74,-0.64,78984060.82,2024-01-11
18.74,18.91,18.56,18.89,0.81,7767196.8,2024-01-14
18.88,19.04,18.75,19.04,0.78,6524618.29,2024-01-16
19.04,19.09,18.88,18.95,-0.48,67113286.81,2024-01-17
18.95,18.97,18.77,18.85,-0.49,10557373.87,2024-01-18
18.86,18.87,18.73,18.81,-0.2,5790572.44,2024-01-21
18.82,18.84,18.72,18.81,-0.01,4106741.45,2024-01-22
18.82,18.83,18.72,18.77,-0.21,5237428.16,2024-01-23
18.77,18.8,18.64,18.8,0.14,5914237.78,2024-01-24
18.8,18.84,18.7,18.81,0.08,9389731.48,2024-01-25
18.8,18.83,18.63,18.8,-0.04,5365372.9,2024-01-28
18.8,18.87,18.66,18.83,0.14,5974925.62,2024-01-29
18.83,18.9,18.76,18.9,0.36,7770525.02,2024-01-30
18.9,18.93,18.82,18.89,-0.02,12127300.98,2024-01-31
18.44,18.44,18.29,18.39,-0.26,4970592.27,2024-02-01
18.39,18.39,18.15,18.3,-0.47,7989143.49,2024-02-04
18.3,18.35,18.24,18.29,-0.06,7302159.56,2024-02-05
18.29,18.34,18.19,18.34,0.24,13408951.06,2024-02-06
18.34,18.41,18.21,18.41,0.42,4636503.87,2024-02-07
18.41,18.41,18.16,18.23,-1.0,3816914.34,2024-02-08
18.23,18.28,18.17,18.24,0.05,8293197.12,2024-02-11
18.24,18.34,18.05,18.34,0.54,13388130.38,2024-02-12
18.34,18.34,18.15,18.21,-0.7,3569379.84,2024-02-13
18.21,18.28,18.13,18.28,0.37,8796727.36,2024-02-14
18.28,18.28,18.07,18.14,-0.78,10441233.38,2024-02-15
18.14,18.14,17.99,18.11,-0.16,7279315.77,2024-02-18
18.11,18.11,17.86,18.1,-0.05,10222695.03,2024-02-20
18.1,18.15,18.05,18.07,-0.11,3597258.07,2024-02-21
18.07,18.12,18.0,18.03,-0.24,7971564.77,2024-02-22
18.03,18.06,17.89,17.97,-0.31,3564650.11,2024-02-25
17.97,17.97,17.86,17.94,-0.21,4300767.58,2024-02-26
17.93,17.95,17.82,17.91,-0.13,2765120.41,2024-02-27
17.91,17.98,17.8,17.98,0.41,2087191.6,2024-02-28
17.98,18.0,17.85,17.92,-0.36,3672693.96,2024-02-29
17.92,17.92,17.7,17.89,-0.14,2099438.08,2024-03-03
17.89,17.89,17.87,17.87,-0.1,2470.0,2024-03-04
17.87,17.99,17.8,17.99,0.66,7030833.72,2024-03-05
17.99,17.99,17.88,17.99,-0.03,4328876.2,2024-03-06
17.99,17.99,17.8,17.84,-0.79,2507334.55,2024-03-07
17.84,18.02,17.8,18.02,1.01,2701408.71,2024-03-10
18.02,18.3,17.92,18.3,1.55,4843258.82,2024-03-12
18.3,18.38,18.22,18.38,0.4,5964521.42,2024-03-13
18.38,18.38,18.22,18.28,-0.53,5949308.43,2024-03-14
18.28,18.29,18.19,18.21,-0.4,1913708.19,2024-03-17
18.2,18.26,18.12,18.22,0.09,3840373.91,2024-03-18
18.22,18.22,18.07,18.14,-0.46,9592806.97,2024-03-19
18.14,18.28,18.0,18.28,0.75,13688374.68,2024-03-20
18.28,18.29,18.14,18.2,-0.4,2673942.12,2024-03-21
18.21,18.24,18.07,18.24,0.19,10582119.58,2024-03-25
18.24,18.32,18.16,18.32,0.46,8830577.01,2024-03-26
18.32,18.32,18.25,18.3,-0.09,5336175.5,2024-03-27
18.3,18.37,18.11,18.37,0.35,3802530.71,2024-03-28
18.37,18.37,18.21,18.23,-0.73,4839333.36,2024-03-31
18.22,18.22,18.11,18.21,-0.14,6932155.25,2024-04-01
18.21,18.28,18.15,18.26,0.3,8451254.99,2024-04-02
18.26,18.33,18.17,18.33,0.38,5372345.07,2024-04-03
18.33,18.33,18.26,18.3,-0.19,4988953.25,2024-04-04
18.3,18.31,18.16,18.31,0.07,2628000.76,2024-04-07
18.32,18.43,18.25,18.4,0.5,2484744.41,2024-04-09
18.4,18.43,18.23,18.27,-0.73,4032910.52,2024-04-10
18.27,18.27,18.13,18.13,-0.73,3755294.52,2024-04-14
18.13,18.15,18.05,18.12,-0.06,4063739.58,2024-04-15
18.12,18.14,18.0,18.12,-0.01,3319671.18,2024-04-16
18.12,18.12,17.97,18.08,-0.22,2979790.08,2024-04-18
18.08,18.08,17.95,18.0,-0.43,5408722.79,2024-04-21
17.99,18.0,17.92,18.0,0.02,3017708.69,2024-04-22
17.99,18.01,17.91,17.98,-0.12,2269253.0,2024-04-24
17.98,18.1,17.93,18.06,0.45,2454280.92,2024-04-25
18.07,18.15,18.0,18.14,0.41,2388869.02,2024-04-28
18.13,18.21,18.01,18.21,0.38,2036448.13,2024-04-29
18.21,18.22,18.04,18.22,0.05,2962548.46,2024-04-30
18.22,18.22,18.02,18.15,-0.36,3586526.53,2024-05-02
18.15,18.16,18.03,18.11,-0.2,9238308.74,2024-05-05
18.11,18.12,18.03,18.09,-0.14,3393802.48,2024-05-06
18.09,18.14,18.01,18.14,0.3,2658740.57,2024-05-07
18.14,18.16,18.0,18.06,-0.47,2704702.95,2024-05-08
18.06,18.09,17.98,18.09,0.18,3466581.67,2024-05-09
18.09,18.12,18.02,18.12,0.15,7677815.23,2024-05-12
18.12,18.18,18.05,18.16,0.24,6770694.55,2024-05-13
18.16,18.23,18.04,18.23,0.35,6339102.2,2024-05-14
18.23,18.31,18.15,18.26,0.17,4487835.15,2024-05-15
18.26,18.35,18.15,18.2,-0.35,3884200.31,2024-05-16
18.2,18.4,18.11,18.4,1.15,11552153.33,2024-05-19
18.4,18.64,18.4,18.63,1.24,9694145.09,2024-05-20
18.63,18.69,18.53,18.69,0.29,11007749.06,2024-05-21
18.69,18.77,18.6,18.76,0.36,8169852.7,2024-05-22
18.76,18.82,18.72,18.8,0.21,6316532.0,2024-05-26
18.8,18.89,18.7,18.89,0.49,7850170.43,2024-05-27
18.89,18.93,18.82,18.89,0.0,6697682.59,2024-05-29
18.89,18.9,18.73,18.83,-0.32,5533687.45,2024-05-30
18.83,18.84,18.7,18.82,-0.05,2393795.55,2024-06-02
18.82,18.83,18.71,18.77,-0.24,4038318.2,2024-06-03
18.77,18.77,18.62,18.75,-0.11,3438784.81,2024-06-04
19.75,19.76,19.56,19.68,4.92,3023143.15,2024-06-05
19.68,19.68,19.53,19.62,-0.29,5780293.98,2024-06-06
19.62,19.65,19.51,19.56,-0.31,4321949.42,2024-06-09
18.83,18.83,18.7,18.83,-3.74,3418701.14,2024-06-10
18.83,18.92,18.76,18.92,0.5,2934421.56,2024-06-11
18.92,18.98,18.83,18.98,0.33,2222765.33,2024-06-12
18.98,19.04,18.89,18.96,-0.11,3466650.21,2024-06-13
18.96,19.0,18.87,18.93,-0.18,4191982.05,2024-06-16
18.93,18.93,18.77,18.79,-0.72,4962073.22,2024-06-18
18.79,18.79,18.69,18.77,-0.07,1827389.0,2024-06-19
18.77,18.84,18.68,18.8,0.13,5013772.04,2024-06-20
18.8,18.81,18.65,18.74,-0.34,2873525.85,2024-06-23
18.72,18.83,18.69,18.83,0.51,2697359.85,2024-06-24
18.83,18.93,18.77,18.91,0.42,4709281.89,2024-06-25
18.91,18.95,18.77,18.94,0.14,4865945.92,2024-06-26
18.94,19.02,18.89,18.95,0.07,8067511.32,2024-06-27
18.93,18.98,18.83,18.92,-0.15,12156375.86,2024-06-30
18.92,19.02,18.82,19.02,0.51,5499942.03,2024-07-01
19.02,19.1,18.98,19.09,0.36,5918042.29,2024-07-02
19.09,19.14,18.98,19.07,-0.09,67174341.57,2024-07-03
19.07,19.15,19.03,19.12,0.24,71049236.44,2024-07-04
19.12,19.18,19.01,19.18,0.32,9473808.25,2024-07-07
19.18,19.3,19.15,19.27,0.46,10391477.46,2024-07-08
19.28,19.3,19.17,19.28,0.0,5730376.91,2024-07-09
19.28,19.37,19.24,19.37,0.45,28009196.19,2024-07-10
19.37,19.75,19.36,19.74,1.9,31526710.75,2024-07-11
19.77,20.12,19.77,20.08,1.74,17921389.97,2024-07-14
20.1,20.42,19.95,20.42,1.67,18249966.65,2024-07-15
20.42,20.43,20.17,20.33,-0.42,16660737.91,2024-07-16
20.33,20.47,20.22,20.35,0.08,25350961.47,2024-07-17
20.35,20.59,20.28,20.53,0.89,22005268.31,2024-07-18
20.52,20.9,20.51,20.84,1.52,44676144.88,2024-07-21
20.85,21.01,20.69,21.01,0.78,53571586.26,2024-07-22
20.98,21.26,20.93,21.24,1.11,63226824.76,2024-07-23
21.24,21.25,20.97,21.08,-0.76,37176407.83,2024-07-24
21.08,21.24,20.88,21.23,0.69,61340737.12,2024-07-25
21.23,21.52,21.14,21.52,1.38,47423810.15,2024-07-28
21.52,21.54,21.26,21.38,-0.66,38652031.79,2024-07-29
21.37,21.38,21.11,21.35,-0.14,34539893.5,2024-07-30
21.33,21.63,21.32,21.63,1.3,43968724.84,2024-07-31
21.64,21.87,21.6,21.87,1.13,89830280.32,2024-08-01
21.87,21.97,21.59,21.83,-0.18,50860355.74,2024-08-05
21.85,21.86,21.44,21.49,-1.55,55926465.6,2024-08-06
21.49,21.71,21.24,21.71,1.01,34963849.73,2024-08-07
21.71,21.8,21.51,21.8,0.4,99480717.85,2024-08-08
21.8,21.84,21.58,21.8,0.01,60571127.15,2024-08-11
21.79,22.0,21.73,22.0,0.93,98165466.55,2024-08-12
22.04,22.05,21.76,21.99,-0.07,94894724.92,2024-08-13
21.99,22.0,21.59,21.79,-0.9,50328440.23,2024-08-14
21.79,22.29,21.63,22.29,2.28,72197949.27,2024-08-15
22.28,22.4,22.01,22.38,0.38,69164001.42,2024-08-18
22.39,22.39,22.05,22.23,-0.64,53193893.11,2024-08-21
22.23,22.34,22.07,22.34,0.49,41402279.46,2024-08-22
22.33,22.34,21.89,21.98,-1.59,47218484.64,2024-08-25
21.98,22.03,21.63,21.74,-1.09,51473951.09,2024-08-27
21.73,21.95,21.7,21.95,0.93,69649639.44,2024-08-28
21.95,22.04,21.86,21.97,0.1,40145657.7,2024-08-29
21.97,22.19,21.97,22.15,0.8,56445826.62,2024-09-01
22.15,22.34,21.99,22.34,0.84,44455033.57,2024-09-02
22.35,22.38,22.17,22.33,-0.03,50886715.17,2024-09-03
22.36,22.38,21.97,22.02,-1.37,25244788.98,2024-09-04
22.03,22.06,21.8,21.9,-0.56,18642276.61,2024-09-05
21.88,21.97,21.8,21.95,0.22,25097105.77,2024-09-08
21.93,21.97,21.69,21.74,-0.94,21917794.04,2024-09-09
21.74,21.76,21.57,21.67,-0.3,35521552.22,2024-09-10
21.67,21.67,21.52,21.58,-0.43,14928193.68,2024-09-11
21.58,21.6,21.44,21.56,-0.09,27686014.21,2024-09-12
21.54,21.6,21.38,21.43,-0.61,36691979.35,2024-09-15
21.44,21.51,21.1,21.17,-1.17,16363334.95,2024-09-16
21.17,21.2,20.9,21.0,-0.83,18334140.98,2024-09-18
21.02,21.03,20.9,20.98,-0.1,17371334.74,2024-09-22
20.98,21.03,20.81,20.87,-0.48,14977497.9,2024-09-23
20.87,20.92,20.68,20.78,-0.44,26683857.69,2024-09-24
20.77,20.78,20.69,20.78,-0.01,12303946.49,2024-09-25
20.78,20.78,20.7,20.72,-0.29,35084766.04,2024-09-26
20.72,20.73,20.39,20.47,-1.21,11639731.14,2024-09-29
20.46,20.46,20.2,20.34,-0.6,21530088.22,2024-09-30
20.34,20.68,20.19,20.68,1.66,10485255.1,2024-10-01
20.67,20.67,20.44,20.59,-0.41,7091222.91,2024-10-02
20.59,20.64,20.46,20.63,0.18,17283622.85,2024-10-06
20.63,20.71,20.54,20.7,0.34,15245213.02,2024-10-07
20.71,20.72,20.53,20.7,0.0,10680219.35,2024-10-08
20.7,20.77,20.58,20.77,0.3,4278930.91,2024-10-09
20.77,20.81,20.63,20.81,0.23,5274413.54,2024-10-15
20.81,21.0,20.72,20.99,0.83,9212742.8,2024-10-16
20.99,21.29,20.96,21.28,1.4,21806603.75,2024-10-17
21.28,21.32,21.08,21.28,0.0,25651107.99,2024-10-20
21.28,21.33,21.13,21.13,-0.72,8275876.36,2024-10-21
21.13,21.2,21.0,21.19,0.27,18722659.32,2024-10-22
21.19,21.24,21.05,21.18,-0.01,25824621.73,2024-10-23
21.18,21.21,20.97,21.12,-0.3,13681295.44,2024-10-24
21.12,21.16,21.0,21.03,-0.42,12640573.53,2024-10-27
21.03,21.22,21.01,21.18,0.72,4531009.98,2024-10-28
21.18,21.47,21.13,21.47,1.33,10813382.33,2024-10-29
21.47,21.47,21.31,21.31,-0.72,7834299.89,2024-10-30
21.31,21.32,21.13,21.32,0.03,18823607.31,2024-11-05
21.31,21.55,21.28,21.55,1.09,20364655.79,2024-11-06
21.55,21.69,21.45,21.69,0.62,23475064.55,2024-11-10
21.69,21.76,21.52,21.72,0.15,16084765.0,2024-11-11
21.72,21.73,21.61,21.69,-0.13,17481528.51,2024-11-12
21.69,21.8,21.63,21.8,0.48,13140822.58,2024-11-13
21.8,21.96,21.68,21.84,0.17,23017500.35,2024-11-14
21.82,22.0,21.71,21.9,0.29,27515600.81,2024-11-17
21.9,21.93,21.8,21.87,-0.15,26829862.93,2024-11-19
21.88,22.0,21.7,21.95,0.38,23480740.68,2024-11-20
21.95,21.95,21.8,21.91,-0.19,32653470.31,2024-11-21
21.91,21.91,21.73,21.88,-0.12,14039393.65,2024-11-24
21.88,21.88,21.76,21.81,-0.32,12163716.24,2024-11-25
21.81,21.86,21.69,21.86,0.23,10276327.69,2024-11-26
21.86,21.9,21.76,21.88,0.09,9154317.8,2024-11-27
21.88,21.92,21.73,21.86,-0.11,15339733.33,2024-11-28
21.86,21.86,21.71,21.81,-0.23,9510881.45,2024-12-01
21.81,21.93,21.76,21.9,0.41,42682598.97,2024-12-02
21.9,21.98,21.73,21.98,0.37,13945881.49,2024-12-03
21.98,21.98,21.87,21.9,-0.34,19912374.29,2024-12-04
21.9,21.91,21.73,21.84,-0.29,17238605.78,2024-12-05
21.84,21.85,21.63,21.71,-0.59,28729715.65,2024-12-08
21.71,21.81,21.67,21.74,0.14,12403463.44,2024-12-09
21.74,21.74,21.59,21.71,-0.17,4585935.09,2024-12-10
21.71,21.71,21.54,21.63,-0.34,12578680.0,2024-12-11
21.63,21.72,21.55,21.72,0.39,7902325.08,2024-12-12
21.72,21.72,21.44,21.52,-0.91,8715846.29,2024-12-16
21.52,21.53,21.33,21.41,-0.48,7063758.52,2024-12-17
21.41,21.41,21.32,21.35,-0.26,4560221.51,2024-12-18
21.35,21.35,21.22,21.3,-0.26,4450957.96,2024-12-19
21.3,21.33,21.12,21.22,-0.35,5239168.84,2024-12-22
20.3,20.33,20.23,20.33,-4.21,5837220.48,2024-12-23
20.33,20.37,20.2,20.35,0.11,30144824.96,2024-12-24
20.35,20.4,20.22,20.3,-0.24,92074180.17,2024-12-26
20.3,20.36,20.17,20.34,0.18,6983765.87,2024-12-29
20.34,20.34,20.09,20.26,-0.38,11316716.09,2024-12-31
20.26,20.32,20.14,20.23,-0.17,27983819.77,2025-01-01
20.23,20.31,20.15,20.29,0.3,1958652.97,2025-01-02
20.28,20.34,20.08,20.14,-0.74,3808818.58,2025-01-05
20.14,20.29,20.09,20.27,0.65,31010259.62,2025-01-06
20.27,20.35,20.19,20.34,0.35,19510595.97,2025-01-07
20.34,20.34,20.21,20.32,-0.1,44884153.98,2025-01-08
20.32,20.34,20.17,20.28,-0.21,23572478.57,2025-01-09
20.26,20.26,20.09,20.19,-0.42,3391069.59,2025-01-12
20.19,20.24,20.06,20.11,-0.42,12520636.5,2025-01-13
20.11,20.16,20.0,20.07,-0.17,7837585.4,2025-01-15
20.07,20.26,20.04,20.22,0.72,7899275.22,2025-01-16
20.22,20.26,20.06,20.12,-0.46,10345961.02,2025-01-19
20.12,20.2,20.01,20.14,0.09,7976640.27,2025-01-20
20.14,20.16,19.93,20.04,-0.48,10358619.68,2025-01-21
20.02,20.16,20.0,20.14,0.49,11046151.99,2025-01-22
20.14,20.25,20.02,20.09,-0.25,10485533.52,2025-01-23
20.09,20.2,19.94,20.19,0.48,6850808.32,2025-01-26
20.2,20.24,20.02,20.06,-0.64,21791417.07,2025-01-27
20.06,20.13,19.88,20.08,0.12,21824786.14,2025-01-28
20.08,20.21,19.95,20.12,0.17,13441508.65,2025-02-02
20.12,20.28,20.07,20.28,0.78,18601973.52,2025-02-03
20.26,20.26,20.15,20.17,-0.54,7941875.22,2025-02-04
20.17,20.35,20.13,20.35,0.9,24767619.2,2025-02-05
20.36,20.39,20.06,20.23,-0.6,13270703.42,2025-02-06
20.23,20.23,20.02,20.16,-0.34,8840015.23,2025-02-09
20.16,20.16,20.02,20.12,-0.18,19725473.65,2025-02-10
20.12,20.24,20.07,20.22,0.52,19683817.49,2025-02-11
20.22,20.31,20.19,20.2,-0.09,11876760.45,2025-02-12
20.21,20.28,20.16,20.19,-0.08,18336721.37,2025-02-13
20.19,20.23,20.08,20.16,-0.11,36914024.07,2025-02-16
20.16,20.27,20.04,20.27,0.52,5020369.92,2025-02-17
20.26,20.27,20.14,20.26,-0.05,7817786.47,2025-02-18
20.26,20.26,20.06,20.18,-0.41,14784239.46,2025-02-20
20.16,20.18,20.0,20.18,0.02,13796801.83,2025-02-23
20.18,20.18,19.99,20.07,-0.57,13519739.69,2025-02-24
20.07,20.08,19.98,20.08,0.05,7634786.22,2025-02-25
20.09,20.25,20.03,20.25,0.88,30098780.71,2025-02-27
19.73,20.0,19.64,20.0,-1.27,24337343.95,2025-03-02
20.0,20.2,19.8,20.2,1.0,38485716.02,2025-03-03
20.2,20.2,19.99,20.09,-0.55,17557766.34,2025-03-04
20.09,20.16,19.95,20.05,-0.15,33227542.49,2025-03-05
20.04,20.09,19.97,20.02,-0.18,27737453.55,2025-03-06
20.02,20.02,19.79,19.81,-1.04,57238989.11,2025-03-09
19.27,19.27,19.17,19.2,-3.06,4678450.65,2025-03-10
19.2,19.2,19.02,19.18,-0.1,6236752.1,2025-03-11
19.18,19.2,19.09,19.2,0.1,9832564.05,2025-03-12
19.2,19.2,19.09,19.19,-0.04,12421394.49,2025-03-16
19.19,19.19,19.03,19.19,0.0,3383052.26,2025-03-17
19.19,19.19,19.08,19.12,-0.37,3052688.17,2025-03-18
19.12,19.18,19.03,19.12,0.03,4482844.46,2025-03-19
19.12,19.13,19.02,19.05,-0.39,8504567.07,2025-03-20
19.04,19.04,18.9,18.91,-0.71,5551587.06,2025-03-23
18.91,19.01,18.81,19.0,0.44,8737373.39,2025-03-24
19.0,19.0,18.85,18.9,-0.51,7696597.93,2025-03-25
18.91,19.09,18.8,19.08,0.97,10828756.29,2025-03-26
19.1,19.18,19.03,19.15,0.37,5099249.63,2025-03-27
19.18,19.21,19.01,19.12,-0.15,11249520.27,2025-03-30
19.12,19.14,19.02,19.12,-0.02,8659533.74,2025-04-01
19.12,19.26,19.07,19.25,0.69,9370492.76,2025-04-02
19.25,19.27,19.13,19.21,-0.24,11004095.27,2025-04-03
19.21,19.21,19.01,19.18,-0.15,2901503.8,2025-04-07
19.18,19.18,19.09,19.15,-0.15,11598325.19,2025-04-08
19.15,19.28,19.08,19.26,0.59,21331602.63,2025-04-09
19.26,19.3,19.16,19.29,0.15,6821194.13,2025-04-10
19.29,19.35,19.12,19.34,0.26,12933919.73,2025-04-13
19.33,19.34,19.23,19.33,-0.07,6033517.61,2025-04-15
19.33,19.42,19.27,19.4,0.36,9421883.0,2025-04-16
19.4,19.57,19.36,19.52,0.62,15423415.82,2025-04-17
19.52,19.52,19.35,19.47,-0.23,18938592.99,2025-04-20
19.47,19.58,19.35,19.56,0.44,10411120.44,2025-04-21
19.56,19.56,19.47,19.48,-0.4,33060813.54,2025-04-22
19.48,19.54,19.46,19.52,0.21,19399660.45,2025-04-23
19.51,19.6,19.4,19.57,0.25,20307912.28,2025-04-24
19.58,19.66,19.53,19.62,0.24,34248511.55,2025-04-27
19.62,19.63,19.5,19.53,-0.45,12394528.2,2025-04-28
19.53,19.59,19.44,19.55,0.07,15868737.7,2025-04-29
19.55,19.59,19.41,19.59,0.23,20939086.86,2025-04-30
19.59,19.59,19.43,19.51,-0.41,6672460.07,2025-05-04
19.51,19.61,19.47,19.55,0.2,15834196.33,2025-05-05
19.55,19.63,19.46,19.52,-0.13,8890036.35,2025-05-06
19.53,19.64,19.42,19.64,0.57,10760740.04,2025-05-07
19.64,19.67,19.44,19.65,0.07,30871120.17,2025-05-08
19.65,19.68,19.47,19.58,-0.35,17499611.9,2025-05-11
19.58,19.61,19.49,19.54,-0.18,20316422.71,2025-05-13
19.54,19.55,19.42,19.51,-0.19,11688341.24,2025-05-14
19.51,19.59,19.41,19.56,0.29,23533756.83,2025-05-15
19.55,19.57,19.43,19.52,-0.24,6890105.31,2025-05-18
19.52,19.59,19.45,19.56,0.23,16212029.38,2025-05-19
19.56,19.64,19.41,19.63,0.33,20287109.67,2025-05-20
19.65,19.69,19.54,19.67,0.19,5362795.6,2025-05-21
19.67,19.7,19.58,19.68,0.06,3704776.92,2025-05-22
19.09,19.1,18.96,19.1,-2.96,28097676.0,2025-05-25
19.08,19.11,19.01,19.08,-0.08,7078802.12,2025-05-26
19.08,19.14,18.96,19.12,0.19,7948106.44,2025-05-27
19.1,19.16,18.99,19.14,0.11,11527326.55,2025-05-28
19.14,19.16,18.97,19.14,0.01,6723311.24,2025-06-02
19.14,19.17,18.97,19.14,-0.01,11935038.02,2025-06-03
19.15,19.26,19.08,19.23,0.46,20660447.04,2025-06-04
19.21,19.21,19.11,19.19,-0.16,5103060.66,2025-06-05
19.19,19.22,19.09,19.17,-0.1,9210424.08,2025-06-08
19.19,19.22,19.07,19.19,0.07,3977110.32,2025-06-09
19.17,19.27,19.09,19.23,0.23,11355097.9,2025-06-10
19.25,19.25,19.08,19.23,-0.02,5658270.68,2025-06-11
19.23,19.25,19.1,19.25,0.09,7255665.33,2025-06-12
19.25,19.25,19.05,19.17,-0.41,11702772.84,2025-06-15
19.18,19.24,19.03,19.23,0.35,46214512.06,2025-06-16
19.23,19.25,19.11,19.17,-0.34,5942208.39,2025-06-17
19.18,19.24,19.05,19.23,0.35,38365851.7,2025-06-18
19.23,19.24,19.13,19.18,-0.26,35218013.0,2025-06-19
19.18,19.21,19.06,19.11,-0.37,9354433.04,2025-06-22
19.11,19.16,18.99,19.05,-0.34,34704355.7,2025-06-23
19.03,19.12,18.94,19.1,0.27,10898739.75,2025-06-24
19.1,19.13,19.02,19.12,0.09,14654353.21,2025-06-25
19.13,19.17,18.99,19.13,0.05,28937779.42,2025-06-26
19.13,19.25,19.03,19.2,0.37,17703425.48,2025-06-29
19.2,19.29,19.09,19.27,0.36,7293716.18,2025-06-30
19.28,19.36,19.16,19.33,0.33,12658488.31,2025-07-01
19.32,19.36,19.2,19.35,0.06,90944688.86,2025-07-02
19.36,19.59,19.36,19.57,1.14,47854766.4,2025-07-03
19.55,19.67,19.48,19.6,0.14,67840565.76,2025-07-06
19.67,19.71,19.56,19.61,0.07,47785113.27,2025-07-07
19.61,19.62,19.4,19.59,-0.09,13834951.86,2025-07-08
19.59,19.6,19.46,19.59,-0.01,22135474.6,2025-07-09
19.59,19.78,19.53,19.76,0.85,60532924.53,2025-07-10
19.77,20.05,19.69,19.97,1.08,77944705.3,2025-07-13
20.04,20.04,19.84,19.94,-0.17,37588465.77,2025-07-14
19.96,20.1,19.85,19.93,0.0,77592371.21,2025-07-15
19.98,20.36,19.97,20.25,1.58,149312885.54,2025-07-16
20.32,20.33,20.1,20.26,0.04,54600558.63,2025-07-17
20.27,20.37,20.16,20.31,0.25,84306274.62,2025-07-20
20.32,20.38,20.18,20.35,0.19,59198854.09,2025-07-21
20.35,20.47,20.27,20.47,0.56,49757211.36,2025-07-22
20.49,20.51,20.33,20.5,0.15,47781963.62,2025-07-23
20.52,20.56,20.39,20.55,0.23,28473833.44,2025-07-24
20.53,20.67,20.4,20.63,0.39,52615188.17,2025-07-27
20.65,20.65,20.39,20.6,-0.16,64172602.24,2025-07-28
20.55,20.82,20.55,20.77,0.86,74645041.13,2025-07-29
20.8,20.85,20.68,20.75,-0.1,76618800.04,2025-07-30
20.74,20.79,20.57,20.62,-0.6,72000377.5,2025-07-31
20.68,20.7,20.39,20.42,-1.0,95673223.44,2025-08-03
20.49,20.55,20.36,20.44,0.08,70946460.22,2025-08-04
20.48,20.56,20.41,20.47,0.18,51215003.14,2025-08-05
20.52,20.56,20.35,20.47,0.0,84083437.37,2025-08-06
20.47,20.57,20.39,20.54,0.32,93321405.06,2025-08-07
20.55,20.66,20.47,20.57,0.17,65873141.83,2025-08-11
20.57,20.68,20.52,20.52,-0.24,47418739.09,2025-08-12
20.53,20.57,20.45,20.56,0.17,30309685.0,2025-08-13
20.54,20.6,20.41,20.47,-0.42,46213374.59,2025-08-14
20.5,20.56,20.36,20.45,-0.1,65566826.83,2025-08-17
20.46,20.48,20.25,20.35,-0.49,30101988.82,2025-08-18
20.35,20.44,20.32,20.41,0.29,29058298.5,2025-08-19
20.4,20.44,20.31,20.42,0.06,60768139.92,2025-08-20
20.43,20.45,20.32,20.39,-0.17,76190396.15,2025-08-21
20.37,20.4,20.19,20.35,-0.16,36857818.37,2025-08-24
20.35,20.36,20.17,20.28,-0.34,15718348.69,2025-08-25
20.28,20.33,20.2,20.31,0.13,24744502.37,2025-08-26
20.31,20.44,20.21,20.41,0.47,15896973.9,2025-08-27
20.43,20.47,20.32,20.43,0.1,35527438.12,2025-08-28
20.44,20.48,20.33,20.36,-0.35,32117258.15,2025-08-31
20.36,20.4,20.2,20.39,0.16,15207973.45,2025-09-01
20.38,20.38,20.24,20.33,-0.28,13861303.91,2025-09-02
20.36,20.41,20.23,20.38,0.22,13243439.28,2025-09-03
20.38,20.42,20.22,20.4,0.13,26207073.32,2025-09-04
20.44,20.53,20.4,20.49,0.43,21792295.12,2025-09-07
20.49,20.51,20.32,20.38,-0.54,12198439.94,2025-09-08
20.35,20.37,20.32,20.32,-0.31,686130.9,2025-09-18
20.32,20.32,20.01,20.17,-0.71,14779046.66,2025-09-21
20.17,20.32,20.07,20.3,0.63,7116783.69,2025-09-23
20.3,20.33,20.16,20.31,0.04,7252187.98,2025-09-24
20.3,20.52,20.25,20.41,0.5,14488992.08,2025-09-25
20.41,20.61,20.41,20.61,0.96,10124311.34,2025-09-28
20.61,20.62,20.32,20.43,-0.88,5256765.56,2025-10-07
20.42,20.43,20.22,20.24,-0.89,9798375.22,2025-10-08
20.26,20.4,20.25,20.28,0.17,6603952.96,2025-10-09
20.28,20.3,19.99,20.08,-0.99,7818781.97,2025-10-12
20.08,20.14,20.0,20.14,0.32,5846972.25,2025-10-13
20.14,20.18,19.97,20.15,0.06,9041215.05,2025-10-14
20.17,20.26,20.09,20.2,0.24,11774325.86,2025-10-15
20.2,20.27,20.08,20.25,0.21,8007768.06,2025-10-16
20.23,20.25,20.15,20.22,-0.13,6303164.84,2025-10-19
20.22,20.22,20.12,20.18,-0.21,6600683.55,2025-10-26
20.2,20.27,20.1,20.27,0.46,2484161.9,2025-10-28
20.27,20.32,20.21,20.25,-0.06,4653647.7,2025-10-29
20.26,20.34,20.07,20.22,-0.18,9021808.65,2025-10-30
20.23,20.27,20.06,20.24,0.1,8681734.45,2025-11-02
20.24,20.31,20.16,20.3,0.29,5303106.42,2025-11-03
20.3,20.3,20.17,20.24,-0.31,3454703.88,2025-11-04
20.24,20.29,20.15,20.22,-0.05,2318977.86,2025-11-05
20.22,20.29,20.16,20.26,0.19,5421028.73,2025-11-06
20.26,20.28,19.99,20.04,-1.08,3091076.8,2025-11-09
20.04,20.06,19.94,19.95,-0.48,2945976.64,2025-11-10
19.95,20.0,19.83,20.0,0.24,5459515.47,2025-11-11
20.0,20.01,19.73,19.82,-0.86,9787473.97,2025-11-12
19.84,19.87,19.77,19.87,0.2,3092885.19,2025-11-13
19.88,19.9,19.72,19.84,-0.14,6761572.73,2025-11-16
19.84,19.9,19.75,19.86,0.14,6841308.69,2025-11-17
19.86,19.89,19.72,19.88,0.08,3883885.62,2025-11-18
19.91,19.95,19.81,19.95,0.35,6395719.91,2025-11-19
19.94,19.96,19.77,19.87,-0.41,7508424.0,2025-11-20
19.87,19.88,19.71,19.82,-0.23,4066602.48,2025-11-23
19.81,19.98,19.69,19.98,0.79,7258188.78,2025-11-24
20.0,20.01,19.87,19.91,-0.34,3296986.67,2025-11-25
19.94,19.94,19.81,19.9,-0.05,9577353.15,2025-11-26
19.92,20.08,19.82,20.05,0.78,6751657.47,2025-11-27
20.09,20.1,19.93,20.06,0.04,6716334.2,2025-11-30
20.06,20.07,19.91,20.03,-0.17,11518730.96,2025-12-01
20.06,20.19,20.06,20.08,0.27,16716380.16,2025-12-02
20.11,20.17,19.98,20.17,0.44,6851100.63,2025-12-03
20.16,20.16,19.93,20.02,-0.71,4793781.16,2025-12-07
20.02,20.04,19.87,20.02,-0.01,8462495.02,2025-12-08
20.04,20.1,19.95,20.1,0.37,8654025.83,2025-12-09
20.1,20.18,19.96,20.18,0.39,12553636.84,2025-12-10
20.18,20.18,20.03,20.1,-0.38,6121495.37,2025-12-11
20.1,20.21,19.96,20.2,0.51,9978937.59,2025-12-14
20.2,20.22,20.05,20.18,-0.11,2514250.68,2025-12-15
20.18,20.24,20.12,20.2,0.13,9314827.84,2025-12-16
20.21,20.31,20.09,20.31,0.5,5741761.3,2025-12-17
20.31,20.31,20.17,20.24,-0.32,21784153.7,2025-12-18
20.24,20.38,20.19,20.28,0.19,18072372.2,2025-12-21
20.28,20.28,20.19,20.27,-0.06,16896836.06,2025-12-22
20.27,20.27,20.12,20.24,-0.11,7364684.37,2025-12-23
20.24,20.33,20.12,20.33,0.45,4928377.25,2025-12-24
20.34,20.53,20.26,20.53,0.94,17932213.28,2025-12-28
20.53,20.59,20.37,20.58,0.25,6619221.33,2025-12-29
20.58,20.68,20.43,20.68,0.47,15699710.05,2025-12-31
20.68,20.68,20.44,20.57,-0.53,10934274.4,2026-01-01
20.57,20.58,20.39,20.51,-0.29,11209494.4,2026-01-04
20.51,20.59,20.41,20.59,0.43,8540022.17,2026-01-05
20.61,20.69,20.49,20.69,0.45,13987892.48,2026-01-06
20.69,20.71,20.61,20.63,-0.29,12387441.32,2026-01-07
20.63,20.65,20.54,20.59,-0.19,3550966.74,2026-01-08
20.61,20.63,20.49,20.61,0.11,9625365.91,2026-01-12
20.61,20.7,20.47,20.7,0.42,5986427.25,2026-01-13
20.71,20.72,20.53,20.72,0.08,5597299.68,2026-01-14
20.72,20.82,20.5,20.82,0.51,11973471.24,2026-01-18
20.84,21.05,20.66,21.04,1.04,13795899.37,2026-01-20
21.06,21.07,20.86,20.9,-0.65,29817652.09,2026-01-21
20.9,20.91,20.74,20.89,-0.07,8890845.99,2026-01-22
20.91,21.09,20.74,21.09,0.97,20187669.85,2026-01-25
21.11,21.27,20.92,21.26,0.78,48216791.52,2026-01-26
21.28,21.31,21.07,21.25,0.0,30536446.52,2026-01-27
21.26,21.31,21.04,21.31,0.25,9751228.07,2026-01-28
21.31,21.47,21.24,21.39,0.36,18230971.81,2026-01-29
21.39,21.39,21.17,21.28,-0.5,23397431.85,2026-02-01
21.3,21.3,21.13,21.26,-0.1,12226328.51,2026-02-02
21.28,21.48,21.07,21.47,1.0,13487008.49,2026-02-03
21.49,21.5,21.25,21.4,-0.31,15227987.86,2026-02-04
21.45,21.54,21.28,21.52,0.57,119635405.16,2026-02-05
21.51,21.53,21.27,21.39,-0.61,7656896.91,2026-02-08
21.4,21.4,21.18,21.29,-0.47,7761351.35,2026-02-09
21.32,21.33,21.12,21.33,0.19,6879950.48,2026-02-10
21.33,21.46,21.13,21.25,-0.36,10026589.78,2026-02-11
21.28,21.39,21.2,21.3,0.21,6613647.36,2026-02-12
21.31,21.32,21.1,21.25,-0.21,5436731.04,2026-02-16
21.27,21.37,21.06,21.36,0.48,8234830.93,2026-02-17
21.39,21.39,21.19,21.31,-0.22,8888475.68,2026-02-22
21.3,21.4,21.02,21.22,-0.41,10102631.02,2026-02-23
21.24,21.26,21.07,21.24,0.09,4161454.41,2026-02-24
21.23,21.29,21.14,21.23,-0.02,6535508.41,2026-02-25
21.22,21.28,21.14,21.18,-0.25,4007036.7,2026-02-26
21.18,21.2,20.97,21.18,0.01,7821278.28,2026-03-01
21.18,21.36,21.09,21.36,0.83,4606888.2,2026-03-03
21.39,21.4,21.38,21.4,0.18,530818.96,2026-03-09
21.41,21.69,21.31,21.69,1.34,15696698.04,2026-03-10
21.7,21.8,21.57,21.76,0.34,30559218.52,2026-03-11
21.78,21.88,21.61,21.87,0.48,19194609.3,2026-03-12
21.88,21.88,21.68,21.81,-0.25,15233986.71,2026-03-15
21.85,21.85,21.62,21.72,-0.43,11162467.11,2026-03-16
21.77,21.82,21.61,21.8,0.36,12643079.52,2026-03-17
21.82,21.83,21.67,21.81,0.04,29101489.88,2026-03-19
21.79,22.12,21.73,22.08,1.24,41408822.94,2026-03-22
22.09,22.28,21.85,22.28,0.88,27374143.46,2026-03-23
22.28,22.33,22.08,22.33,0.25,22708269.29,2026-03-24
22.33,22.34,22.07,22.26,-0.34,29964791.96,2026-03-25
22.26,22.31,22.06,22.25,0.0,31713082.18,2026-03-26
22.25,22.26,21.99,22.19,-0.28,13976076.78,2026-03-29
22.17,22.21,21.93,21.97,-0.98,11118716.6,2026-03-30
21.97,21.98,21.74,21.96,-0.07,19209573.56,2026-03-31
21.95,21.97,21.71,21.74,-0.97,19397282.59,2026-04-01
21.74,21.78,21.55,21.78,0.15,8031764.29,2026-04-02
21.78,21.78,21.5,21.55,-1.03,16620960.4,2026-04-05
21.54,21.85,21.44,21.85,1.4,15092468.72,2026-04-06
21.85,21.91,21.62,21.73,-0.55,16078126.66,2026-04-07
21.73,21.95,21.66,21.95,0.99,16417601.02,2026-04-08
21.94,22.0,21.76,21.98,0.13,72652238.84,2026-04-09
21.98,21.99,21.72,21.87,-0.49,17755680.39,2026-04-10
21.87,21.95,21.69,21.95,0.36,14109329.49,2026-04-13
21.94,22.07,21.83,22.07,0.56,23480113.26,2026-04-15
22.06,22.06,21.9,22.04,-0.14,13265466.47,2026-04-16
22.03,22.03,21.88,22.01,-0.13,10042032.08,2026-04-17
21.98,21.99,21.72,21.99,-0.08,9918505.4,2026-04-20
21.99,22.01,21.76,21.89,-0.45,19850233.48,2026-04-21
21.89,21.92,21.61,21.8,-0.4,6578105.68,2026-04-22
21.79,21.82,21.65,21.81,0.05,17955523.04,2026-04-23
21.81,21.82,21.6,21.81,-0.01,17955523.04,2026-04-24
21.79,21.82,21.51,21.79,-0.07,17414176.86,2026-04-27
21.76,21.82,21.6,21.72,-0.35,17097590.56,2026-04-28
21.71,21.74,21.12,21.72,0.01,21057896.58,2026-04-29
21.72,21.72,21.45,21.61,-0.52,4940676.46,2026-04-30
21.61,21.61,21.31,21.47,-0.62,7162112.12,2026-05-04
21.47,21.57,21.3,21.57,0.44,3593256.57,2026-05-05
21.57,21.74,21.33,21.74,0.8,5141700.66,2026-05-06
21.74,21.76,21.55,21.71,-0.16,4243014.77,2026-05-07
21.68,21.83,21.52,21.83,0.55,8673956.89,2026-05-08
21.83,21.88,21.71,21.84,0.06,7379955.43,2026-05-11
21.84,21.88,21.67,21.88,0.19,7617831.84,2026-05-12
21.88,21.88,21.68,21.79,-0.39,2339599.92,2026-05-13
21.79,21.81,21.67,21.81,0.08,17936502.54,2026-05-14
21.83,21.84,21.64,21.74,-0.33,13990551.83,2026-05-15
21.74,21.74,21.57,21.71,-0.13,5772297.05,2026-05-18
21.71,21.73,21.56,21.66,-0.21,15923671.54,2026-05-19
21.64,21.84,21.58,21.84,0.82,30458029.67,2026-05-20
21.84,21.87,21.68,21.87,0.14,7360661.25,2026-05-21
21.88,21.9,21.68,21.89,0.09,13815991.06,2026-05-22
21.89,21.92,21.8,21.85,-0.2,17143003.39,2026-05-25
21.83,21.91,21.7,21.9,0.25,13447425.21,2026-05-26
21.9,21.99,21.79,21.99,0.39,20037670.16,2026-05-27
21.99,21.99,21.73,21.79,-0.91,20079122.42,2026-06-01
21.79,21.86,21.63,21.86,0.32,10121248.91,2026-06-02
21.86,21.92,21.69,21.86,0.01,19583319.64,2026-06-03
21.86,21.95,21.74,21.93,0.32,16397225.66,2026-06-04
21.93,22.0,21.79,22.0,0.27,20008331.48,2026-06-05
22.0,22.11,21.75,21.86,-0.59,10599038.91,2026-06-08
21.86,21.88,21.74,21.83,-0.15,3559603.31,2026-06-09
21.83,21.83,21.66,21.83,0.01,7103156.65,2026-06-10
21.83,21.84,21.64,21.79,-0.2,17561153.27,2026-06-11
21.83,21.9,21.75,21.87,0.38,13182455.21,2026-06-12
21.87,21.87,21.68,21.84,-0.14,21255461.54,2026-06-15
21.89,21.89,21.7,21.85,0.05,27549930.42,2026-06-16
21.85,21.99,21.75,21.84,-0.05,11414795.79,2026-06-17
21.89,21.92,21.73,21.88,0.19,8514000.08,2026-06-18
21.88,21.88,21.67,21.78,-0.49,35237960.06,2026-06-19
21.76,21.76,21.55,21.65,-0.59,7244248.79,2026-06-22
21.65,21.75,21.43,21.74,0.45,11220605.09,2026-06-23
21.74,21.77,21.5,21.65,-0.44,14621657.82,2026-06-24
21.65,21.68,21.47,21.62,-0.14,6114714.12,2026-06-25
21.62,21.67,21.52,21.67,0.23,9267702.31,2026-06-26
21.67,21.68,21.44,21.61,-0.24,21830965.59,2026-06-29
21.57,21.6,21.38,21.55,-0.31,17696489.99,2026-06-30
21.55,21.67,21.45,21.67,0.55,7404252.71,2026-07-01
21.67,21.71,21.49,21.68,0.06,7435022.23,2026-07-02
21.68,21.68,21.5,21.64,-0.2,5918357.65,2026-07-03
21.64,21.65,21.45,21.56,-0.35,10758950.92,2026-07-06
21.56,21.64,21.43,21.62,0.3,12163139.7,2026-07-07
21.62,21.65,21.44,21.65,0.11,8288514.48,2026-07-08
21.65,21.66,21.38,21.4,-1.16,7160110.23,2026-07-09
21.41,21.55,21.29,21.47,0.34,5968060.2,2026-07-10
21.47,21.48,21.22,21.3,-0.81,297687692.71,2026-07-13
21.26,21.43,21.22,21.43,0.61,55886863.11,2026-07-14
21.46,21.46,21.3,21.43,0.0,10937345.64,2026-07-15
21.59,21.79,21.33,21.79,1.66,8072981.76,2026-07-16
21.79,21.8,21.56,21.72,-0.29,3705241.21,2026-07-17
21.72,21.72,21.56,21.72,-0.02,6720213.68,2026-07-20
21.72,21.72,21.47,21.56,-0.71,12230918.94,2026-07-21
21.56,21.57,21.41,21.54,-0.07,8913725.12,2026-07-22
21.57,21.66,21.39,21.66,0.53,9433132.18,2026-07-23
21.41,21.41,21.08,21.21,-2.08,7110590.32,2026-07-24
21.26,21.34,21.09,21.24,0.15,6779488.85,2026-07-27
21.24,21.25,21.02,21.14,-0.46,8853700.33,2026-07-28
21.14,21.23,21.01,21.21,0.31,8688850.78,2026-07-29
21.18,21.18,20.97,21.06,-0.72,4734168.74,2026-07-30
21.06,21.11,20.96,21.11,0.25,2269568.17,2026-07-31
21.11,21.27,20.97,21.21,0.49,20417664.4,2026-08-03
21.21,21.33,21.09,21.12,-0.44,5667369.07,2026-08-04
21.12,21.13,20.98,21.11,-0.06,4927461.32,2026-08-05
21.11,21.11,20.87,20.97,-0.65,4518819.84,2026-08-06
20.97,21.08,20.85,21.08,0.51,13851057.4,2026-08-07
21.08,21.08,20.78,20.97,-0.48,34848005.91,2026-08-10
20.97,20.97,20.78,20.89,-0.4,8680061.16,2026-08-11
20.88,20.99,20.87,20.95,0.29,13934457.57,2026-08-12
20.95,20.99,20.8,20.9,-0.22,11982709.86,2026-08-13
20.9,21.02,20.86,20.95,0.24,5266770.23,2026-08-14
20.96,21.03,20.83,21.02,0.29,20140118.65,2026-08-17
21.02,21.02,20.79,20.87,-0.70,51014828.75,2026-08-18
