date,current,point_change,percent_change,turnover
2011-03-25,330.89,-0.61,-0.18,0.00
2011-03-28,313.33,-10.12,-3.13,0.00
2011-03-29,305.45,-7.88,-2.51,0.00
2011-03-30,305.09,-0.36,-0.12,0.00
2011-03-31,314.11,8.98,2.94,0.00
2011-04-04,313.98,-0.13,-0.04,0.00
2011-04-05,311.95,-2.03,-0.65,0.00
2011-04-06,312.05,0.10,0.03,0.00
2011-04-07,314.01,1.96,0.63,0.00
2011-04-11,313.97,-1.70,-0.54,0.00
2011-04-13,322.75,8.78,2.80,0.00
2011-04-18,309.91,-3.00,-0.96,0.00
2011-04-19,307.73,-2.18,-0.70,0.00
2011-04-20,304.88,-2.85,-0.93,0.00
2011-04-21,302.51,-2.37,-0.77,0.00
2011-04-25,300.09,-2.42,-0.80,0.00
2011-04-26,298.79,-1.30,-0.43,0.00
2011-04-27,299.26,0.47,0.16,0.00
2011-04-28,296.87,-2.39,-0.80,0.00
2011-05-02,293.75,-3.12,-1.05,0.00
2011-05-03,290.05,-3.70,-1.26,0.00
2011-05-04,287.08,-2.99,-1.03,0.00
2011-05-05,289.63,2.55,0.89,0.00
2011-05-09,291.07,0.58,0.20,0.00
2011-05-10,297.37,6.30,2.17,0.00
2011-05-11,298.31,0.94,0.32,0.00
2011-05-12,301.11,2.80,0.94,0.00
2011-05-16,310.62,2.88,0.93,0.00
2011-05-18,305.64,-4.98,-1.60,0.00
2011-05-19,304.48,-1.16,-0.38,0.00
2011-05-23,302.19,-1.40,-0.46,0.00
2011-05-24,303.10,0.91,0.30,0.00
2011-05-25,303.97,0.87,0.29,0.00
2011-05-26,304.74,0.77,0.25,0.00
2011-05-30,305.88,1.14,0.37,0.00
2011-05-31,298.22,-7.66,-2.50,0.00
2011-06-01,295.33,-2.89,-0.97,0.00
2011-06-02,292.00,-3.33,-1.13,0.00
2011-06-06,279.11,-6.12,-2.15,0.00
2011-06-07,271.34,-7.77,-2.78,0.00
2011-06-08,264.76,-6.62,-2.44,0.00
2011-06-09,259.67,-5.09,-1.92,0.00
2011-06-13,248.82,-6.24,-2.45,0.00
2011-06-14,242.72,-6.10,-2.45,0.00
2011-06-15,233.41,-9.31,-3.84,0.00
2011-06-16,248.44,14.43,6.17,0.00
2011-06-20,284.45,17.96,6.74,0.00
2011-06-21,303.62,19.17,6.74,0.00
2011-06-23,326.81,23.19,7.64,0.00
2011-06-27,286.53,-23.37,-7.54,0.00
2011-06-29,291.28,4.75,1.66,0.00
2011-06-30,289.94,-1.34,-0.46,0.00
2011-07-04,288.98,0.52,0.18,0.00
2011-07-05,296.24,7.26,2.51,0.00
2011-07-06,301.46,5.22,1.76,0.00
2011-07-07,300.40,-1.29,-0.43,0.00
2011-07-11,308.53,2.21,0.72,0.00
2011-07-12,313.43,4.90,1.59,0.00
2011-07-13,320.77,7.34,2.34,0.00
2011-07-14,328.71,7.94,2.47,0.00
2011-07-18,337.69,-12.11,-3.46,0.00
2011-07-19,345.08,7.39,2.19,0.00
2011-07-20,351.55,6.47,1.87,0.00
2011-07-21,351.08,-0.47,-0.13,0.00
2011-07-25,330.08,-7.05,-2.09,0.00
2011-07-26,325.15,-4.93,-1.50,0.00
2011-07-27,335.63,10.48,3.22,0.00
2011-07-28,333.23,-2.40,-0.72,0.00
2011-08-01,327.09,-0.89,-0.27,0.00
2011-08-02,326.14,-0.95,-0.29,0.00
2011-08-03,323.94,-2.20,-0.67,0.00
2011-08-04,324.23,0.30,0.09,0.00
2011-08-08,318.64,-4.11,-1.27,0.00
2011-08-09,310.36,-7.77,-2.44,0.00
2011-08-10,319.57,9.21,2.97,0.00
2011-08-11,321.03,1.46,0.46,0.00
2011-08-15,322.34,1.31,0.41,0.00
2011-08-16,320.94,-1.40,-0.43,0.00
2011-08-17,317.81,-3.13,-0.97,0.00
2011-08-18,321.67,3.64,1.15,0.00
2011-08-22,317.27,-4.40,-1.37,0.00
2011-08-23,316.78,-0.49,-0.15,0.00
2011-08-24,315.23,-1.55,-0.49,0.00
2011-08-25,312.27,-2.96,-0.94,0.00
2011-08-29,296.79,-0.44,-0.15,0.00
2011-08-30,300.83,4.04,1.36,0.00
2011-09-01,301.02,0.19,0.06,0.00
2011-09-05,293.14,-5.88,-1.97,0.00
2011-09-06,287.52,-5.62,-1.92,0.00
2011-09-07,285.88,-1.64,-0.57,0.00
2011-09-08,282.77,-3.11,-1.09,0.00
2011-09-12,279.20,-3.57,-1.26,0.00
2011-09-13,278.22,-0.98,-0.35,0.00
2011-09-14,268.38,-9.84,-3.54,0.00
2011-09-15,271.75,3.37,1.26,0.00
2011-09-19,268.29,-0.63,-0.23,0.00
2011-09-20,272.95,4.66,1.74,0.00
2011-09-21,275.34,2.42,0.89,0.00
2011-09-22,284.81,9.47,3.44,0.00
2011-09-26,286.38,-1.96,-0.68,0.00
2011-09-27,288.32,1.97,0.69,0.00
2011-09-29,287.89,-0.32,-0.11,0.00
2011-10-10,291.20,1.73,0.60,0.00
2011-10-12,292.54,1.34,0.46,0.00
2011-10-13,292.85,0.31,0.11,0.00
2011-10-17,287.40,-1.92,-0.66,0.00
2011-10-18,285.23,-2.17,-0.75,0.00
2011-10-19,283.61,-1.62,-0.57,0.00
2011-10-20,282.27,-1.34,-0.47,0.00
2011-10-24,280.07,0.16,0.06,0.00
2011-10-25,279.69,-0.38,-0.14,0.00
2011-10-31,283.46,3.30,1.18,0.00
2011-11-02,306.42,22.96,8.10,0.00
2011-11-03,300.92,-5.50,-1.79,0.00
2011-11-08,291.74,-3.74,-1.27,0.00
2011-11-09,286.38,-5.36,-1.84,0.00
2011-11-10,286.30,-0.08,-0.03,0.00
2011-11-14,280.19,-2.55,-0.90,0.00
2011-11-15,277.92,-2.27,-0.81,0.00
2011-11-16,275.88,-2.04,-0.73,0.00
2011-11-17,280.01,4.13,1.50,0.00
2011-11-21,278.00,0.30,0.11,0.00
2011-11-22,276.08,-1.92,-0.69,0.00
2011-11-23,275.83,-0.25,-0.09,0.00
2011-11-24,275.00,-0.83,-0.30,0.00
2011-11-28,273.98,-1.98,-0.71,0.00
2011-12-01,273.57,-0.62,-0.23,0.00
2011-12-05,271.17,-1.05,-0.39,0.00
2011-12-06,270.31,-0.86,-0.32,0.00
2011-12-07,270.15,-1.73,-0.64,0.00
2011-12-08,267.31,-1.11,-0.41,0.00
2011-12-12,259.58,-4.80,-1.81,0.00
2011-12-13,260.40,0.82,0.32,0.00
2011-12-14,264.87,4.47,1.72,0.00
2011-12-15,263.18,-1.69,-0.64,0.00
2011-12-19,259.67,-0.18,-0.07,0.00
2011-12-20,260.60,0.93,0.36,0.00
2011-12-21,259.35,-1.26,-0.49,0.00
2011-12-22,259.49,0.04,0.01,0.00
2011-12-26,258.38,-1.15,-0.44,0.00
2011-12-27,260.28,1.90,0.74,0.00
2011-12-28,259.70,-0.58,-0.22,0.00
2011-12-29,262.44,2.74,1.05,0.00
2012-01-02,273.23,7.10,2.67,0.00
2012-01-03,273.49,0.26,0.10,0.00
2012-01-04,267.63,-5.86,-2.14,0.00
2012-01-05,266.22,-1.41,-0.53,0.00
2012-01-09,263.72,-0.32,-0.11,0.00
2012-01-10,265.15,1.43,0.54,0.00
2012-01-11,268.80,3.65,1.37,0.00
2012-01-12,271.67,2.87,1.07,0.00
2012-01-17,266.92,-0.86,-0.32,0.00
2012-01-18,264.78,-2.14,-0.80,0.00
2012-01-19,265.59,0.81,0.31,0.00
2012-01-23,262.11,-2.16,-0.81,0.00
2012-01-25,262.05,-0.06,-0.02,0.00
2012-01-26,260.46,-1.59,-0.61,0.00
2012-01-31,259.86,-0.58,-0.22,0.00
2012-02-01,259.92,0.06,0.02,0.00
2012-02-02,259.84,-0.08,-0.03,0.00
2012-02-06,257.47,-0.37,-0.14,0.00
2012-02-07,256.53,-0.94,-0.36,0.00
2012-02-08,256.67,0.14,0.05,0.00
2012-02-09,256.10,-0.57,-0.22,0.00
2012-02-13,258.43,1.82,0.71,0.00
2012-02-14,257.17,-1.26,-0.49,0.00
2012-02-15,256.72,-0.45,-0.17,0.00
2012-02-16,255.94,-0.78,-0.30,0.00
2012-02-21,255.59,-0.35,-0.14,0.00
2012-02-23,256.06,0.47,0.18,0.00
2012-02-27,257.81,0.67,0.26,0.00
2012-02-28,261.26,12.97,5.22,0.00
2012-02-29,260.97,-0.29,-0.11,0.00
2012-03-01,263.98,3.01,1.15,0.00
2012-03-05,263.39,0.83,0.32,0.00
2012-03-06,262.65,-0.74,-0.28,0.00
2012-03-12,259.08,-1.70,-0.65,0.00
2012-03-13,258.86,-0.22,-0.09,0.00
2012-03-14,257.46,-1.40,-0.54,0.00
2012-03-15,254.06,-3.40,-1.32,0.00
2012-03-19,252.73,-0.61,-0.23,0.00
2012-03-20,252.38,-0.35,-0.14,0.00
2012-03-21,254.85,2.47,0.97,0.00
2012-03-26,251.05,-2.05,-0.81,0.00
2012-03-27,250.42,-0.63,-0.25,0.00
2012-03-28,250.24,-0.18,-0.07,0.00
2012-03-29,250.36,0.12,0.04,0.00
2012-04-02,253.28,2.97,1.18,0.00
2012-04-03,254.16,0.88,0.34,0.00
2012-04-04,254.53,0.37,0.15,0.00
2012-04-05,255.36,0.83,0.32,0.00
2012-04-09,257.83,1.59,0.62,0.00
2012-04-10,261.86,4.03,1.56,0.00
2012-04-11,266.07,4.21,1.61,0.00
2012-04-12,280.40,14.33,5.39,0.00
2012-04-16,320.68,17.12,5.64,0.00
2012-04-17,298.64,-22.04,-6.87,0.00
2012-04-18,313.51,14.87,4.97,0.00
2012-04-19,323.11,9.60,3.06,0.00
2012-04-24,371.34,28.28,8.24,0.00
2012-04-25,402.30,30.96,8.34,0.00
2012-04-26,418.74,16.44,4.09,0.00
2012-04-30,386.68,-25.41,-6.16,0.00
2012-05-02,365.47,-21.21,-5.49,0.00
2012-05-03,396.17,30.70,8.39,0.00
2012-05-07,425.23,29.06,7.33,0.00
2012-05-08,427.70,2.47,0.58,0.00
2012-05-09,407.68,-20.02,-4.68,0.00
2012-05-10,395.90,-11.78,-2.89,0.00
2012-05-14,341.21,-26.15,-7.12,0.00
2012-05-15,368.00,26.79,7.85,0.00
2012-05-16,388.24,20.24,5.50,0.00
2012-05-17,397.58,9.34,2.41,0.00
2012-05-21,397.58,7.04,1.80,0.00
2012-05-22,387.98,-9.35,-2.35,0.00
2012-05-23,361.15,-26.83,-6.92,0.00
2012-05-24,377.57,16.42,4.55,0.00
2012-05-29,375.34,-19.83,-5.02,0.00
2012-05-30,348.66,-26.68,-7.10,0.00
2012-05-31,345.64,-3.02,-0.86,0.00
2012-06-04,353.19,-10.32,-2.84,0.00
2012-06-05,341.81,-11.38,-3.22,0.00
2012-06-06,331.85,-9.96,-2.91,0.00
2012-06-07,337.60,5.75,1.73,0.00
2012-06-11,332.14,3.51,1.07,0.00
2012-06-12,334.58,2.44,0.73,0.00
2012-06-13,333.13,-1.45,-0.43,0.00
2012-06-14,330.49,-2.64,-0.79,0.00
2012-06-18,327.42,1.55,0.47,0.00
2012-06-19,326.30,-1.12,-0.34,0.00
2012-06-20,329.42,3.12,0.96,0.00
2012-06-21,332.56,3.14,0.95,0.00
2012-06-25,346.32,13.76,4.14,0.00
2012-06-26,336.60,-9.72,-2.80,0.00
2012-06-27,343.80,7.20,2.14,0.00
2012-06-28,347.11,3.31,0.96,0.00
2012-07-02,342.06,-2.79,-0.81,0.00
2012-07-03,344.71,2.65,0.77,0.00
2012-07-04,347.96,3.25,0.94,0.00
2012-07-05,347.91,-0.05,-0.01,0.00
2012-07-09,348.11,1.18,0.34,0.00
2012-07-10,353.74,5.63,1.62,0.00
2012-07-11,353.83,0.09,0.03,0.00
2012-07-12,352.46,-1.37,-0.39,0.00
2012-07-16,354.66,-3.91,-1.09,0.00
2012-07-17,356.00,1.34,0.38,0.00
2012-07-18,362.83,6.83,1.92,0.00
2012-07-19,366.18,3.35,0.92,0.00
2012-07-23,381.38,6.05,1.61,0.00
2012-07-24,377.72,-3.66,-0.96,0.00
2012-07-25,376.52,-1.20,-0.32,0.00
2012-07-26,371.58,-4.94,-1.31,0.00
2012-07-30,369.42,3.50,0.96,0.00
2012-07-31,371.10,1.68,0.46,0.00
2012-08-01,371.08,-0.06,-0.02,0.00
2012-08-06,372.65,0.68,0.18,0.00
2012-08-07,372.08,-0.57,-0.15,0.00
2012-08-08,367.60,-4.48,-1.20,0.00
2012-08-13,362.60,0.33,0.09,0.00
2012-08-14,356.88,-5.72,-1.58,0.00
2012-08-15,350.02,-6.86,-1.92,0.00
2012-08-16,360.10,10.08,2.88,0.00
2012-08-21,355.40,-1.09,-0.31,0.00
2012-08-22,354.70,-0.73,-0.20,0.00
2012-08-23,353.79,-0.91,-0.26,0.00
2012-08-27,354.01,4.49,1.29,0.00
2012-08-28,354.39,0.38,0.11,0.00
2012-08-29,356.83,2.44,0.68,0.00
2012-08-30,354.64,-2.19,-0.61,0.00
2012-09-03,362.20,-0.17,-0.05,0.00
2012-09-04,359.05,-3.15,-0.86,0.00
2012-09-05,357.10,-1.95,-0.54,0.00
2012-09-06,358.34,1.24,0.35,0.00
2012-09-10,355.98,-0.67,-0.19,0.00
2012-09-11,362.40,6.42,1.80,0.00
2012-09-12,362.73,0.32,0.09,0.00
2012-09-13,367.05,4.26,1.17,0.00
2012-09-17,370.77,0.62,0.17,0.00
2012-09-18,373.90,3.13,0.84,0.00
2012-09-19,370.10,-3.80,-1.02,0.00
2012-09-20,366.42,-3.68,-0.99,0.00
2012-09-24,357.65,-2.86,-0.79,0.00
2012-09-25,356.76,-0.89,-0.24,0.00
2012-09-26,355.29,-1.47,-0.41,0.00
2012-10-01,354.12,-0.03,-0.01,0.00
2012-10-02,353.55,-0.57,-0.15,0.00
2012-10-03,352.05,-1.50,-0.42,0.00
2012-10-04,351.19,-0.86,-0.24,0.00
2012-10-08,358.02,2.61,0.73,0.00
2012-10-09,357.09,-0.93,-0.26,0.00
2012-10-10,356.32,-0.84,-0.23,0.00
2012-10-11,355.41,-0.91,-0.25,0.00
2012-10-15,360.80,2.39,0.67,0.00
2012-10-17,366.39,5.59,1.54,0.00
2012-10-18,367.62,1.23,0.33,0.00
2012-10-30,382.43,14.81,4.03,0.00
2012-10-31,390.97,8.54,2.23,0.00
2012-11-01,388.03,-2.94,-0.75,0.00
2012-11-05,401.49,7.92,2.01,0.00
2012-11-06,408.20,6.71,1.67,0.00
2012-11-07,427.17,18.97,4.65,0.00
2012-11-08,439.79,12.62,2.95,0.00
2012-11-12,438.33,10.58,2.47,0.00
2012-11-20,469.04,13.52,2.96,0.00
2012-11-21,465.37,-3.67,-0.78,0.00
2012-11-22,462.87,-2.78,-0.60,0.00
2012-11-26,460.59,-2.10,-0.45,0.00
2012-11-27,458.95,-1.64,-0.36,0.00
2012-11-28,460.07,1.12,0.24,0.00
2012-11-29,454.55,-5.52,-1.20,0.00
2012-12-03,445.05,-2.06,-0.46,0.00
2012-12-04,455.60,10.55,2.37,0.00
2012-12-05,471.20,15.60,3.42,0.00
2012-12-06,467.85,-3.35,-0.71,0.00
2012-12-10,457.32,1.58,0.34,0.00
2012-12-11,458.06,0.74,0.16,0.00
2012-12-12,463.46,5.40,1.18,0.00
2012-12-13,467.72,4.26,0.92,0.00
2012-12-17,493.54,8.94,1.84,0.00
2012-12-18,486.80,-6.74,-1.37,0.00
2012-12-19,493.32,6.52,1.34,0.00
2012-12-20,499.12,5.80,1.18,0.00
2012-12-24,513.05,9.32,1.85,0.00
2012-12-26,528.93,15.88,3.10,0.00
2012-12-27,536.85,7.92,1.50,0.00
2012-12-31,526.48,-10.37,-1.93,0.00
2013-01-01,520.88,-5.60,-1.06,0.00
2013-01-02,522.45,1.57,0.30,0.00
2013-01-03,525.91,3.46,0.66,0.00
2013-01-07,517.67,-5.04,-0.96,0.00
2013-01-08,516.33,-1.34,-0.26,0.00
2013-01-09,512.32,-4.01,-0.78,0.00
2013-01-10,514.69,2.37,0.46,0.00
2013-01-15,518.30,3.57,0.69,0.00
2013-01-16,514.48,-3.82,-0.74,0.00
2013-01-17,503.45,-11.03,-2.14,0.00
2013-01-21,498.45,13.33,2.75,0.00
2013-01-22,504.56,6.11,1.23,0.00
2013-01-23,497.64,-6.92,-1.37,0.00
2013-01-24,494.97,-2.67,-0.54,0.00
2026-04-27,1456.75,9.93,0.68,378271669.20
2026-04-28,1445.02,-11.73,-0.80,604963320.10
2026-04-29,1434.00,-11.01,-0.76,403749297.20
2026-04-30,1434.32,0.31,0.02,369136420.30
2026-05-04,1421.96,-12.36,-0.86,492242864.20
