symbol,name
ACLBSL,Aarambha Chautari Laghubitta Bittiya Sanstha Limited
ADBL,Agricultural Development Bank Limited
ADBLB87,4% Agricultural Bond 2087
ADBLD83,10.35% Agricultural Bank Debenture 2083
AHL,Asian Hydropower Limited
AHPC,Arun Valley Hydropower Development Company Limited
AKJCL,Ankhukhola Hydropower Company Limited
AKPL,Arun Kabeli Power Limited
ALBSL,Asha Laghubitta Bittiya Sanstha Limited
ALICL,Asian Life Insurance Company Limited
ANLB,Aatmanirbhar Laghubitta Bittiya Sanstha Limited
APHL,Apex Hospitality Limited
API,Api Power Company Limited
AVYAN,Aviyan Laghubitta Bittiya Sanstha Limited
BANDIPUR,Bandipur Cable Car and Tourism Limited
BARUN,Barun Hydropower Company Limited
BBC,Bishal Bazar Company Limited
BEDC,Bhugol Energy Development Company Limited
BFC,Best Finance Company Limited
BGWT,Bhagawati Hydropower Development Company Limited
BHCL,Bikash Hydropower Company Limited
BHDC,Bindhyabasini Hydropower Development Company Limited
BHL,Balephi Hydropower Limited
BHPL,Barahi Hydropower Public Limited
BJHL,Bhujung Hydropower Limited
BNHC,Buddha Bhumi Nepal Hydropower Company Limited
BNL,Bottlers Nepal Limited (Balaju)
BNT,Bottlers Nepal (Terai) Limited
BOKD86,8.5% BOK Debenture 2086
BOKD86KA,10.5% BOK Debenture 2086
BPCL,Butwal Power Company Limited
BUNGAL,Bungal Hydro Limited
C30MF,Citizens Super 30 Mutual Fund
CBBL,Chhimek Laghubitta Bittiya Sanstha Limited
CBLD88,10.25% Civil Bank Debenture 2088
CCBD88,10.50% Century Debenture 2088
CFCL,Central Finance Limited
CGH,Chandragiri Hills Limited
CHCL,Chilime Hydro power Company Limited
CHDC,CEDB Holdings Limited
CHL,Chhyangdi Hydropower Company Limited
CIT,Citizen Investment Trust
CITY,City Hotel Limited
CIZBD86,10.25% Citizens Bank Debenture 2086
CIZBD90,10% Citizens Bank Debenture 2090
CKHL,Chirkhwa Hydro Power Limited
CLI,Citizen Life Insurance Company Limited
CMF2,2
CORBL,Corporate Development Bank Limited
CORBLP,Corporate Development Bank Limited Promoter Share
CREST,Crest Micro Life Insurance Limited
CSY,Citizens Santulit Yojana
CYCL,CYC Nepal Laghubitta Bittiya Sanstha Limited
CZBIL,Citizens Bank International Limited
CZBILP,Citizens Bank International Limited Promoter Share
DDBL,Deprosc Laghubitta Bittiya Sanstha Limited
DHEL,Daramkhola Hydro Energy Limited
DHPL,Dibyashwari Hydropower Company Limited
DLBS,Dhaulagiri Laghubitta Bittiya Sanstha Limited
DOLTI,Dolti Power Company Ltd
DORDI,Dordi Khola Hydropower Company Limited
EBL,Everest Bank Limited
EBLD85,10.5% Everest Bank Ltd Rinpatra 2085
EBLD86,8.5% Everest Bank Debenture
EBLD91,7.50% Everest Bank Limited Debenture 2091
ECL,Everest Colour Limited
EDBL,Excel Development Bank Limited
EHPL,Eastern Hydropower Limited
ENL,Emerging Nepal Limited
FMDBL,First Microfinance Laghubitta Bittiya Sanstha Limited
FOWAD,Forward Microfinance Laghubitta Bittiya Sanstha Limited
GBBD85,8.75% Garima Debenture 2085
GBBL,Garima Bikas Bank Limited
GBILD84/85,11.25% Global IME Bank Debenture 2084/85
GBILD86/87,8.5% Global IME Bank Ltd. Debenture 2086/87
GBIME,Global IME Bank Limited
GBIMEP,Global IME Bank Limited Promoter Share
GBIMESY2,II
GBLBS,Grameen Bikas Laghubitta Bittiya Sanstha Limited
GCIL,Ghorahi Cement Industry Limited
GFCL,Goodwill Finance Company Limited
GHL,Ghalemdi Hydro Limited
GIBF1,I
GILB,Global IME Laghubitta Bittiya Sanstha Limited
GLBSL,Gurans Laghubitta Bittiya Sanstha Limited
GLH,Greenlife Hydropower Limited
GMFBS,Ganapati Laghubitta Bittiya Sanstha Limited
GMFIL,Guheswori Merchant Banking & Finance Limited
GMLI,Guardian Micro Life Insurance Limited
GRDBL,Green Development Bank Limited
GSY,Garima Samriddhi Yojana
GUFL,Gurkhas Finance Limited
GUFLPO,Gurkhas Finance Limited Promoter Share
GVL,Green Ventures Limited
GWFD83,12% Goodwill Finance Limited Debenture 2083
H8020,20
HATHY,Hathway Investment Nepal Limited
HBL,Himalayan Bank Limited
HBLD86,Himalayan Bank Limited Bond 2086
HDHPC,Himal Dolakha Hydropower Company Limited
HDL,Himalayan Distillery Limited
HEI,Himalayan Everest Insurance Limited
HEIP,Himalayan Everest Insurance Limited Promoter
HFIN,Hotel Forest Inn Limited
HHL,Himalayan Hydropower Limited
HIDCL,Hydroelectricity Investment and Development Company Limited
HIDCLP,Hydroelectricity Investment and Development Company Limited Promoter Share
HIMSTAR,Him Star Urja Company Limited
HLBSL,Himalayan Laghubitta Bittiya Sanstha Limited (Former Civil Laghubitta)
HLI,Himalayan Life Insurance Limited
HLICF,HLI Large Cap Fund
HPPL,Himalayan Power Partner Limited
HRL,Himalayan Reinsurance Limited
HURJA,Himalaya Urja Bikas Company Limited
ICFC,ICFC Finance Limited
ICFCD83,12% ICFC Finance Limited Debenture 2083
ICFCD88,9% ICFC Finance Limited Debenture 2088
ICFCD89,8% ICFC Finance Limited Debenture 2089
IGI,IGI Prudential Insurance Limited
IHL,Ingwa Hydropower Ltd
ILBS,Infinity Laghubitta Bittiya Sanstha Limited
ILI,IME Life Insurance Company Limited
JBBD87,Jyoti Bikash Bank Bond 2087
JBBL,Jyoti Bikash Bank Limited
JBLB,Jeevan Bikas Laghubitta Bittiya Sanstha Limited
JBLBP,Jeevan Bikas Laghubitta Bittya Sanstha Ltd Promoter
JFL,Janaki Finance Company Limited
JHAPA,Jhapa Energy Limited
JOSHI,Joshi Hydropower Development Company Limited
JSLBB,Janautthan Samudayic Laghubitta Bittiya Sanstha Limited
KAHL,Kalanga Hydro Limited
KBL,Kumari Bank Limited
KBLD86,10.25% Kumari Bank Debenture 2086
KBLD89,11% KBL Debenture 2089
KBLD90,10% KBL Debenture 2090
KBSH,Kutheli Bukhari Small Hydropower Limited
KDBY,Kumari Dhanabriddhi Yojana
KDL,Kalinchowk Darshan Limited
KEF,Kumari Equity Fund
KHPL,Kalinchowk Hydropower Limited
KKHC,Khani Khola Hydropower Company Limited
KMCDB,Kalika Laghubitta Bittiya Sanstha Limited
KPCL,Kalika Power Company Limited
KSBBL,Kamana Sewa Bikas Bank Limited
KSBBLD87,9% Kamana Sewa Bikas Bank Limited Debenture 2087
KSY,Kumari Sabal Yojana
LBBL,Lumbini Bikas Bank Limited
LBBLD89,11% LBBL Debenture 2089
LBLD86,10% Laxmi Bank Debenture 2086
LEC,Liberty Energy Company Limited
LICN,Life Insurance Corporation Nepal Limited
LLBS,Laxmi Laghubitta Bittiya Sanstha Limited
LSH12,LS Horizon 12
LSL,Laxmi Sunrise Bank Limited
LUK,Laxmi Unnati Kosh
LVF2,II
MABEL,Mabilung Energy Limited
MAKAR,Makar Jitumaya Suri Hydropower Company Limited
MANDU,Mandu Hydropower Limited
MATRI,Matribhumi Laghubitta Bittiya Sanstha Limited
MBJC,Madhya Bhotekoshi Jalavidyut Company Limited
MBL,Machhapuchchhre Bank Limited
MBLD2085,10.25% Machhapuchchhre Debenture 2085
MBLD87,8.5% Machhapuchchhre Debenture 2087
MBLEF,MBL Equity Fund
MCHL,Menchhiyam Hydropower Limited
MDB,Miteri Development Bank Limited
MEHL,Manakamana Engineering Hydropower Limited
MEL,Modi Energy Limited
MEN,Mountain Energy Nepal Limited
MEPDL,Mount Everest Power Development Limited
MERO,Mero Microfinance Laghubitta Bittiya Sanstha Limited
MFIL,Manjushree Finance Limited
MFLD85,9.5% Manjushree Finance Ltd. Debenture 2085
MHCL,Molung Hydropower Company Limited
MHL,Mandakini Hydropower Limited
MHNL,Mountain Hydro Nepal Limited
MKCL,Muktinath Krishi Company Limited
MKHC,Maya Khola Hydropower Company Limited
MKHL,Mai Khola Hydropower Limited
MKJC,Mailung Khola Jal Vidhyut Company Limited
MLBBL,Mithila Laghubitta Bittiya Sanstha Limited
MLBL,Mahalaxmi Bikas Bank Limited
MLBLD89,11% Mahalaxmi Debenture 2089
MLBLPO,Mahalaxmi Bikas Bank Ltd. Promotor Share
MLBS,Manushi Laghubitta Bittiya Sanstha Limited
MLBSL,Mahila Laghubitta Bittiya Sanstha Limited
MMF1,1
MMKJL,Mathillo Mailun Khola Jalvidhyut Limited
MNBBL,Muktinath Bikas Bank Limited
MND84/85,8.75% Muktinath Debenture/Rinpatra 2084/85
MNMF1,Muktinath Mutual Fund 1
MPFL,Multipurpose Finance Company Limited
MSHL,Mid Solu Hydropower Company Limited
MSLB,Mahuli Laghubitta Bittiya Sanstha Limited
NABBC,Narayani Development Bank Limited
NABIL,Nabil Bank Limited
NABILD2089,7% Nabil Debenture 2089
NADEP,NADEP Laghubitta Bittiya Sanstha Limited
NBF2,2
NBF3,Nabil Balanced Fund III
NBL,Nepal Bank Limited
NBLD82,10% Nabil Bank Debenture 2082
NBLD85,8% Nabil Debenture 2085
NBLD87,8.5% Nepal Bank Debenture 2087
NCCD86,9.5% NCC Rinpatra 2086
NESDO,Nesdo Sambridha Laghubitta Bittiya Sanstha Limited
NFS,Nepal Finance Limited
NGPL,Ngadi Group Power Limited
NHDL,Nepal Hydro Developer Limited
NHPC,National Hydro Power Company Limited
NIBD84,8.5% Nepal Investment Bank Bond 2084
NIBLGF,NIBL Growth Fund
NIBLSTF,NIBL Stable Fund
NIBSF2,2
NICA,NIC Asia Bank Limited
NICAD2091,7% NIC Asia Debenture 2091
NICAD85/86,10% NIC Asia Debenture 2085/86
NICAP,NICA Bank Limited Promoter share
NICBF,NIC ASIA Balanced Fund
NICD83/84,10.25% NIC ASIA Debenture 2083/84
NICFC,NIC Asia Flexi Cap Fund
NICGF2,NIC Asia Growth Fund 2
NICL,Nepal Insurance Company Limited
NICLBSL,NIC Asia Laghubitta Bittiya Sanstha Limited
NICSF,30
NIFRA,Nepal Infrastructure Bank Limited
NIFRAGED,6% Nifra Harit Urja Debenture 2088/89
NIFRAUR85/86,7% NIFRA Urja Rinpatra 2085/86
NIL,Neco Insurance Limited
NIMB,Nepal Investment Mega Bank Limited
NIMBD90,10% NIMB Debenture 2090
NIMBPO,Nepal Investment Mega Bank Ltd. Promoter Share
NLG,NLG Insurance Company Limited
NLIC,Nepal Life Insurance Company Limited
NLICL,National Life Insurance Company Limited
NLO,Nepal Lube Oil Limited
NMB,NMB Bank Limited
NMB50,NMB 50
NMBD2085,10% NMB Debenture 2085
NMBD87/88,8.5% NMB Rinpatra 2087/88
NMBHF2,II
NMBMF,NMB Laghubitta Bittiya Sanstha Limited
NMBUR93/94,4% NMB Urja Rinpatra (Energy Bond II) 2093/94
NMFBS,National Laghubitta Bittiya Sanstha Limited
NMIC,Nepal Micro Insurance Company Limited
NMLBBL,Nerude Mirmire Laghubitta Bittiya Sanstha Limited
NRIC,Nepal Reinsurance Company Limited
NRM,Nepal Republic Media Limited
NRN,NRN Infrastructure and Development Limited
NSIF2,II
NSY,Nepal Life Samriddhi Lagani Yojana
NTC,Nepal Doorsanchar Company Limited
NUBL,Nirdhan Utthan Laghubitta Bittiya Sanstha Limited
NWCL,Nepal Warehousing Company Limited
NYADI,Nyadi Hydropower Limited
OHL,Oriental Hotel Limited
OMPL,Om Megashree Pharmaceuticals Limited
PBD84,10.15% Prime Debenture 2084
PBD85,8.75% Prime Debenture 2085
PBD88,10% Prime Debenture 2088
PBLD84,10% Prabhu Bank Debenture 2084 (PBLD84)
PBLD86,10.25% Prabhu Bank Debenture 2086
PBLD87,8.5% Prabhu Bank Debenture 2087
PCBL,Prime Commercial Bank Limited
PCBLP,Prime Commercial Bank Limited Promoter Share
PCIL,Palpa Cements Industries Limited
PFL,Pokhara Finance Limited
PHCL,Peoples Hydropower Company Limited
PMHPL,Panchakanya Mai Hydropower Limited
PMLI,Prabhu Mahalaxmi Life Insurance Company Limited
PPCL,Panchthar Power Company Limited
PPL,People's Power Limited
PRIN,Prabhu Insurance Company Limited
PROFL,Progressive Finance Limited
PRSF,Prabhu Smart Fund
PRVU,Prabhu Bank Limited
PRVUPO,Prabhu Bank Limited Promoter Share
PSF,Prabhu Select Fund
PURE,Pure Energy Limited
RADHI,Radhi Bidyut Company Limited
RAWA,Rawa Energy Development Ltd.
RBBD2088,7% RBBL Debenture 2088
RBBD83,8.5% RBBL Debenture 2083
RBBF40,RBB Focus 40
RBCL,Rastriya Beema Company Limited
RBCLPO,Rastriya Beema Company Limited Promoter Share
RFPL,River Falls Power Limited
RHGCL,Rapti Hydro & General Construction Limited
RHPL,Rasuwagadhi Hydropower Company Limited
RIDI,Ridi Power Company Limited
RLEL,Ridge Line Energy Limited
RLFL,Reliance Finance Limited
RMF1,RBB Mutual Fund 1
RMF2,RBB Mutual Fund 2
RNLI,Reliable Nepal Life Insurance Limited
RSDC,RSDC Laghubitta Bittiya Sanstha Limited
RSML,Reliance Spinning Mills Limited
RSY,Reliable Samriddhi Yojana
RSY2,Reliable Samriddhi Yojana-2
RURU,Ru Ru Jalbidhyut Pariyojana Limited
SABBL,Salapa Bikas Bank Limited
SADBL,Shangrila Development Bank Limited
SAEF2,Sanima Equity Fund II
SAGAR,Sagar Distillery Limited
SAGF,Sanima Growth Fund
SAHAS,Sahas Urja Limited
SAIL,Shreenagar Agritech Industries Limited
SALICO,Sagarmatha Lumbini Insurance Company Limited
SANIMA,Sanima Bank Limited
SANVI,Sanvi Energy Limited
SAPDBL,Saptakoshi Development Bank Limited
SAPIL,Sarvottam Paints Industries Limited
SARBTM,Sarbottam Cement Limited
SBCF,Sunrise Bluechip Fund
SBD87,8.5% Sanima Debenture 2087
SBI,Nepal SBI Bank Limited
SBIBD86,10% Nepal SBI Bank Debenture 2086
SBID2090,7% Nepal SBI Bank Debenture 2090
SBID83,10.25% Nepal SBI Bank Debenture 2083
SBID89,9% Nepal SBI Bank Debenture 2089
SBL,Siddhartha Bank Limited
SBLD2091,7.25% SBL Debenture 2091
SBLD83,10.25% SBL Debenture 2083
SBLD84,8.5% SBL Debenture 2084
SBLD89,10.75 % SBL Debenture 2089
SCB,Standard Chartered Bank Nepal Limited
SCBD,10.30% Standard Chartered Bank Nepal Limited Debenture
SDBD87,"9% Shangrila Development Bank Debenture, 2087"
SEF,Siddhartha Equity Fund
SEF2,Siddhartha Equity Fund 2
SFCL,Samriddhi Finance Company Limited (former World Merchant Banking)
SFEF,Sunrise Focused Equity Fund
SFMF,Sunrise First Mutual Fund
SGHC,Ganga Hydropower & Construction Limited
SGHL,Sanigad Hydro Limited
SGIC,Sanima GIC Insurance Limited
SHEL,Singati Hydro Energy Limited
SHINE,Shine Resunga Development Bank Limited
SHINED,Shine Resunga Debenture
SHIVM,Shivam Cements Limited
SHL,Soaltee Hotel Limited
SHLB,Shrijanshil Laghubitta Bittiya Sanstha Limited
SHPC,Sanima Mai Hydropower Limited
SICL,Shikhar Insurance Company Limited
SIFC,Shree Investment Finance Company Limited
SIGS2,2
SIGS3,Siddhartha Investment Growth Scheme 3
SIKLES,Sikles Hydropower Limited
SIL,Siddhartha Insurance Limited
SINDU,Sindhu Bikas Bank Limited
SIPD,Shikhar Power Development Limited
SJCL,Sanjen Jalavidhyut Company Limited
SJLIC,SuryaJyoti Life Insurance Company Limited
SKBBL,Sana Kisan Bikas Laghubitta Bittiya Sanstha Limited
SKHEL,Suryakunda Hydro Electric Limited
SKHL,Super Khudi Hydropower Limited
SLBBL,Swarojgar Laghubitta Bittiya Sanstha Limited
SLBBLP,Swarojgar Laghubitta Bittiya Sanstha Limited Promoter Share
SLBSL,Samudayik Laghubitta Bittiya Sanstha Limited
SLCF,Sanima Large Cap Fund
SMATA,Samata Gharelu Laghubitta Bittiya Sanstha Limited
SMB,Support Laghubitta Bittiya Sanstha Limited
SMFBS,Swabhimaan Laghubitta Bittiya Sanstha Limited
SMH,Supermai Hydropower Limited
SMHL,Super Madi Hydropower Limited
SMJC,Sagarmatha Jalbidhyut Company Limited
SMPDA,Sampada Laghubitta Bittiya Sanstha Limited
SNLI,Sun Nepal Life Insurance Company Limited
SNORL,Snow Rivers Limited
SOHL,Solu Hydropower Limited
SONA,Sonapur Minerals and Oil Limited
SOPL,Sopan Pharmaceuticals Limited
SPC,Samling Power Company Limited
SPDL,Synergy Power Development Limited
SPHL,Sayapatri Hydropower Limited
SPIL,Siddhartha Premier Insurance Limited
SPL,Shuvam Power Limited
SRLI,Sanima Reliance Life Insurance Limited
SSHL,Shiva Shree Hydropower Limited
STC,Salt Trading Corporation Limited
SWASTIK,Swastik Laghubitta Bittiya Sanstha Limited
SWBBL,Swabalamban Laghubitta Bittiya Sanstha Limited
SWMF,Suryodaya Womi Laghubitta Bittiya Sanstha Limited
SYPNL,SY Panel Nepal Limited
TAMOR,Sanima Middle Tamor Hydropower Limited
TPC,Terhathum Power Company Limited
TPKHL,Taksar Pikhuwa Khola Hydropower Limited
TRH,Taragaon Regency Hotel Limited
TSHL,Three Star Hydropower Limited
TTL,Trade Tower Limited
TVCL,Trishuli Jal Vidhyut Company Limited
UAIL,United Ajod Insurance Limited
UHEWA,Upper Hewakhola Hydropower Company Limited
ULBSL,Upakar Laghubitta Bittiya Sanstha Limited
ULHC,Upper Lohore Khola Hydropower Company Limited
UMHL,United Modi Hydropower Limited
UMRH,Mardi and R.B. Hydropower Limited
UNHPL,Union Hydropower Limited
UNL,Unilever Nepal Limited
UNLB,Unique Nepal Laghubitta Bittiya Sanstha Limited
UPCL,Universal Power Company Limited
UPPER,Upper Tamakoshi Hydropower Limited
USHEC,Upper Solu Hydro Electric Company Limited
USHL,Upper Syange Hydropower Limited
USLB,Unnati Sahakarya Laghubitta Bittiya Sanstha Limited
VLBS,Vijaya Laghubitta Bittiya Sanstha Limited
VLUCL,Vision Lumbini Urja Company Limited
WNLB,Wean Nepal Laghubitta Bittiya Sanstha Limited
YMHL,Yambaling Hydropower Limited
